ID_SALES,negative,neutral,positive
CC1387A,1,0,2
CC139A,1,1,1
CC1701A,0,0,3
CC1773A,0,0,3
CC1830A,2,1,0
CC1836A,0,0,3
CC242A,0,0,3
CC2531A,2,1,0
CC2637A,1,0,3
CC2893A,0,0,3
CC2983A,1,1,2
CC3086A,0,3,0
CC3121A,2,0,1
CC3151A,0,0,3
CC3238A,0,0,3
CC3246A,0,0,3
CC3442A,0,0,3
CC3480A,1,0,2
CC3817A,0,0,3
CC3983A,0,0,3
CC4490A,0,0,3
CC4524A,0,3,0
CC4930A,1,0,2
CC712A,0,3,0
CC944A,2,1,0
CD1001A,1,1,1
CD1011A,1,2,0
CD1013A,0,0,3
CD1047A,1,0,2
CD1051A,0,1,2
CD1052A,1,0,2
CD1116T,0,0,3
CD1157A,2,1,0
CD1169A,0,1,2
CD117T,0,0,3
CD1181A,1,0,3
CD1212A,0,3,0
CD1224A,0,0,3
CD1266A,0,0,3
CD1326A,0,0,3
CD1339A,2,1,0
CD1381A,1,0,2
CD1397A,0,1,3
CD1439A,0,0,3
CD1449A,1,2,0
CD1469A,1,2,0
CD1475A,0,0,3
CD1494A,0,3,0
CD1595A,1,2,0
CD1599A,0,0,3
CD1638A,0,1,2
CD163A,1,1,1
CD1645A,1,1,1
CD1719A,0,0,3
CD1728A,0,0,3
CD1736T,0,0,3
CD1754A,3,0,0
CD1792A,1,0,2
CD1815A,0,3,0
CD1821A,0,0,3
CD1824A,0,0,3
CD1832T,1,0,2
CD1862A,3,0,0
CD1909A,0,0,3
CD1919A,0,0,3
CD1929A,0,0,3
CD1943A,0,3,0
CD1946A,0,1,2
CD1947A,1,2,0
CD1965A,2,1,0
CD1978A,0,0,3
CD1984A,1,2,0
CD1994A,1,1,1
CD2010A,0,0,3
CD2035A,0,3,0
CD2039A,1,0,2
CD2119A,0,0,3
CD2127A,1,1,1
CD2139A,0,0,3
CD2147A,0,0,3
CD2170A,1,0,2
CD2227A,1,1,1
CD2231A,0,0,3
CD2269A,0,0,3
CD2293A,0,0,3
CD2295T,0,0,3
CD231A,0,0,3
CD2333A,0,0,3
CD2376A,0,0,3
CD2420A,2,0,1
CD2424A,1,0,2
CD2437A,0,0,3
CD24A,0,0,3
CD2501A,0,0,3
CD2512A,1,1,1
CD2517T,0,0,3
CD2524A,0,0,3
CD252A,0,0,3
CD2557A,0,1,2
CD2593A,0,0,3
CD2618T,2,0,1
CD2636A,1,0,2
CD2708A,0,0,3
CD2728A,0,3,0
CD272A,0,0,3
CD2753A,0,3,0
CD2762A,1,0,2
CD2764A,1,2,0
CD2776A,0,0,4
CD2790A,1,0,3
CD2799A,0,0,3
CD2882A,1,0,2
CD2895A,0,0,3
CD2904A,0,0,3
CD2906T,3,0,0
CD292A,1,2,0
CD2957A,1,0,2
CD2969A,1,0,2
CD2972A,1,2,0
CD298A,1,1,1
CD2990A,0,0,3
CD3081A,0,0,3
CD3098A,0,2,1
CD312A,0,0,3
CD3134A,0,0,3
CD3166A,0,1,2
CD317T,0,1,2
CD3227A,1,2,0
CD3272A,0,0,3
CD3303A,1,0,2
CD3312T,0,0,3
CD3335A,1,0,2
CD3358A,0,1,2
CD3367A,0,0,3
CD3394A,2,1,0
CD3455A,2,1,0
CD3462A,3,0,0
CD3490T,0,1,2
CD3536A,0,0,3
CD3625A,1,1,1
CD3673A,2,1,0
CD3687A,1,0,2
CD3699A,0,0,3
CD3717T,0,1,2
CD3719A,2,1,0
CD3735A,1,2,0
CD3740A,1,0,2
CD3743T,0,1,2
CD3758A,1,1,1
CD3804A,0,1,2
CD3836A,1,0,2
CD3839A,1,0,2
CD3869A,0,0,3
CD3882A,1,1,1
CD3887A,0,1,2
CD3901A,1,1,1
CD391T,0,1,2
CD3961A,1,1,1
CD3964A,2,0,1
CD3967A,0,0,3
CD400A,0,2,1
CD4029A,2,1,0
CD4045A,1,1,1
CD4058A,1,0,2
CD4137A,1,2,0
CD4174A,1,1,1
CD4181A,0,0,3
CD4195A,0,1,2
CD4200A,0,0,3
CD4203T,1,0,2
CD4224A,1,1,1
CD4259A,0,2,1
CD4262A,0,0,3
CD4283A,1,0,2
CD4297A,0,2,1
CD4406T,0,1,2
CD4427A,0,0,3
CD4454A,2,0,1
CD4482A,0,1,2
CD4507A,0,2,1
CD4508A,1,1,1
CD451A,1,1,1
CD4545A,0,0,4
CD4553A,0,1,2
CD4562A,1,2,0
CD4652A,0,0,3
CD466A,1,1,1
CD4719A,1,1,1
CD4740A,0,1,2
CD4776A,0,0,3
CD4796A,3,0,0
CD4823T,1,1,2
CD4835A,1,1,1
CD4838A,0,1,2
CD4883A,1,0,2
CD4886A,0,0,3
CD493A,0,1,2
CD494A,0,0,3
CD4950A,1,1,2
CD4976T,0,0,3
CD4984A,0,0,3
CD529A,2,1,0
CD52A,0,0,3
CD558A,1,2,0
CD559A,1,1,1
CD580A,0,1,2
CD603A,0,3,0
CD62A,3,0,0
CD692A,0,0,3
CD699A,0,0,3
CD805A,1,0,2
CD836A,0,0,3
CD880A,1,1,1
CD894A,1,0,2
CD897A,2,1,0
CD901A,0,0,3
CD907T,0,2,1
CD923A,0,0,3
CD940A,1,0,2
CD953A,0,0,3
CD973A,1,0,2
CN1122T,0,0,3
CN2543T,0,0,3
CN2700A,1,0,2
CN2992A,1,2,0
CN4196A,0,0,3
CN4459A,1,0,2
CN742A,2,1,0
CN955A,1,0,2
CVP2490T,1,2,0
CVP2680T,2,1,0
CVP3651T,3,0,0
CVP3718T,2,0,1
CVP4376T,1,2,0
FN1581A,0,3,0
FN258A,2,1,0
HC1014A,0,3,0
HC1016A,0,0,3
HC101A,0,0,3
HC1029A,1,0,2
HC1036A,0,0,3
HC1039A,0,0,3
HC1072A,1,0,2
HC1073A,0,0,3
HC1077A,0,2,1
HC107A,0,3,0
HC1086A,0,0,3
HC1102A,0,0,3
HC1107A,3,0,0
HC1137A,2,1,0
HC113A,3,0,0
HC1142A,1,2,0
HC1147A,0,0,3
HC1148A,0,2,1
HC1159A,3,0,0
HC1185A,0,0,3
HC1201A,0,0,3
HC1223A,2,0,1
HC1226A,1,0,2
HC1229A,0,0,3
HC1241A,0,0,3
HC1249A,0,0,3
HC1256A,1,2,0
HC1263A,1,2,1
HC1265A,0,0,3
HC1273A,1,0,2
HC1274A,0,0,3
HC1276A,0,0,3
HC1280A,1,2,0
HC1288A,1,2,0
HC1293A,2,1,0
HC1296A,1,0,2
HC12A,0,3,0
HC1310A,0,0,3
HC1323A,0,0,3
HC1329A,0,0,3
HC1331A,0,0,3
HC1332A,1,1,1
HC1336A,0,0,3
HC1363A,0,0,3
HC1364A,0,3,0
HC1367A,0,0,3
HC1374A,2,1,0
HC1384A,0,3,0
HC1385A,0,0,3
HC1394A,1,2,0
HC1416A,0,0,3
HC1424A,2,2,0
HC143A,1,2,0
HC1442A,0,0,3
HC1446A,1,0,2
HC1451A,2,0,1
HC1453T,1,1,1
HC1477A,0,0,3
HC1483A,0,0,3
HC1499A,0,0,3
HC14A,1,2,0
HC1500A,1,2,0
HC1503A,1,0,2
HC1510A,0,1,3
HC1521A,0,3,0
HC1529A,1,1,1
HC1544A,1,2,0
HC155A,1,1,1
HC1565A,0,0,3
HC157A,0,0,3
HC1582A,1,0,2
HC1601A,2,0,1
HC1603A,0,1,3
HC160A,1,1,1
HC1611A,0,3,0
HC1618A,0,1,2
HC1622A,1,1,1
HC1640A,2,2,0
HC1669A,0,0,3
HC1689A,3,0,0
HC1690A,2,1,0
HC1695A,0,1,2
HC169A,1,1,1
HC1720A,1,0,2
HC1723A,1,0,2
HC1724A,2,1,0
HC1735A,0,3,0
HC1741A,0,0,3
HC1777A,2,1,0
HC1789A,0,1,2
HC1793A,0,2,1
HC1801A,0,1,2
HC1807T,0,3,0
HC182A,1,0,2
HC1831A,1,0,2
HC1850A,1,2,0
HC1858A,1,2,0
HC1861A,0,3,0
HC1867A,1,1,1
HC1872A,1,0,2
HC1875A,1,1,1
HC1878A,0,1,2
HC1887A,2,1,0
HC1905A,1,2,0
HC1907A,1,1,1
HC190A,1,0,2
HC1925A,1,0,2
HC193A,2,1,0
HC1963A,1,0,2
HC1966A,1,0,2
HC199A,0,1,2
HC2000A,1,2,0
HC2008A,0,0,3
HC201A,0,1,2
HC2022A,1,1,2
HC2034A,0,2,1
HC204A,0,0,3
HC205A,1,2,0
HC2060A,0,2,1
HC2073A,0,3,0
HC2077A,1,1,1
HC2078A,0,0,3
HC2080A,0,0,3
HC208A,2,1,0
HC2096A,0,0,3
HC2108A,0,0,3
HC2113A,1,0,3
HC2130T,0,2,1
HC2132A,0,2,1
HC2143A,2,1,0
HC2151A,1,0,2
HC2171A,0,3,0
HC2189A,2,1,0
HC2204A,0,1,2
HC2223T,0,1,2
HC2241A,2,0,1
HC2244A,0,0,3
HC2247A,0,2,1
HC224A,0,1,2
HC225A,0,0,3
HC2264A,1,0,2
HC2265A,2,0,1
HC2267A,0,0,3
HC2268A,2,0,1
HC2274A,0,1,3
HC2287A,1,0,2
HC2297A,1,0,2
HC2298A,1,0,2
HC2309A,0,1,2
HC2311A,0,0,3
HC2325A,0,0,4
HC233A,3,0,0
HC2341A,0,1,2
HC2347A,2,0,2
HC2353A,1,2,0
HC2360A,0,0,3
HC2380A,1,0,2
HC2406A,1,0,2
HC2413A,1,2,0
HC2440A,1,1,1
HC2444A,0,1,2
HC2455A,2,1,0
HC2456A,0,0,3
HC2471A,1,0,2
HC2487A,0,0,3
HC2509A,2,1,0
HC2516A,0,1,2
HC2540A,1,2,1
HC2553A,1,2,0
HC2554A,0,0,3
HC2577A,0,0,3
HC2598A,0,0,3
HC2600A,1,0,2
HC2606A,0,1,3
HC2625A,0,0,3
HC2647A,0,0,3
HC2649A,0,0,3
HC2650A,0,1,2
HC2654A,1,1,1
HC2666A,0,0,3
HC2669A,0,0,3
HC2678A,0,0,3
HC267A,1,2,0
HC2681A,0,0,3
HC2689A,0,3,0
HC2695A,1,0,2
HC2696A,0,0,3
HC2698A,0,0,3
HC269A,1,1,1
HC2723A,1,2,0
HC2740A,1,0,3
HC2741A,0,0,3
HC2760A,1,0,2
HC2770A,1,1,1
HC2771A,2,0,1
HC2780A,2,1,0
HC2788A,0,0,3
HC2796T,0,1,2
HC2807A,1,1,1
HC280A,0,0,4
HC2813A,0,1,2
HC2826A,1,0,2
HC2830A,1,0,2
HC2844A,0,0,3
HC2845A,0,3,0
HC2848A,1,0,2
HC2857A,0,2,1
HC2861A,0,1,2
HC2867A,0,0,3
HC2870A,1,0,2
HC2878A,0,0,4
HC2886A,0,1,2
HC2890A,0,2,1
HC2899A,2,0,1
HC2902A,2,1,0
HC2911A,1,0,2
HC2914A,0,0,3
HC2917A,1,0,2
HC2933A,1,1,1
HC293A,0,3,0
HC2958A,0,2,1
HC2959A,1,2,0
HC3000A,0,2,1
HC3006A,1,1,1
HC3007A,0,0,3
HC3009A,1,0,2
HC3017A,0,0,3
HC3028A,0,1,2
HC3032A,1,1,1
HC3037A,0,2,1
HC3050A,1,0,2
HC3066A,0,1,2
HC3095A,1,1,1
HC3097T,0,0,3
HC3133A,0,1,2
HC3135A,2,1,0
HC3143A,0,1,2
HC3144A,0,3,0
HC3146A,2,0,1
HC3157A,1,1,1
HC3171A,0,3,0
HC3175A,0,1,2
HC3179A,0,0,3
HC3190A,0,0,3
HC3193A,0,1,2
HC3194A,0,2,1
HC3196A,0,1,2
HC3203A,3,0,1
HC3230A,1,3,0
HC3231A,0,1,2
HC323A,0,3,0
HC3242A,0,2,1
HC324A,1,1,1
HC3250A,1,1,1
HC3262A,0,0,3
HC3263A,1,1,1
HC3265A,1,0,2
HC3269A,0,0,3
HC3273A,0,2,1
HC3275A,0,3,0
HC3277A,1,0,2
HC3281A,0,1,2
HC3298A,0,0,3
HC3309A,3,1,0
HC3315A,1,0,2
HC3322A,0,2,1
HC3369A,3,1,0
HC336A,0,1,2
HC3385A,0,3,0
HC3415A,2,0,1
HC3419A,0,1,2
HC344A,1,1,2
HC3469A,0,1,2
HC3481A,1,1,1
HC3496A,2,1,0
HC3514A,1,2,0
HC3517A,2,1,0
HC3527A,0,0,3
HC3541A,0,0,3
HC3543A,0,2,1
HC3545A,0,1,2
HC3551A,1,1,1
HC3556A,1,0,2
HC355A,0,1,2
HC3574A,1,0,2
HC3592A,0,0,3
HC3602A,0,1,2
HC3606A,0,0,3
HC3615A,0,2,1
HC3622A,0,2,1
HC3649A,0,2,1
HC3660A,1,2,0
HC3661A,1,2,0
HC3679A,1,1,1
HC367A,1,1,1
HC3683A,0,0,3
HC3690A,3,0,0
HC3701A,2,1,0
HC370A,1,1,1
HC3757A,1,1,1
HC3759A,0,3,0
HC3781A,1,1,1
HC3783A,1,0,2
HC380A,0,2,1
HC3813A,1,2,0
HC3821A,1,2,0
HC3825A,2,1,1
HC3831A,2,0,1
HC3850A,2,1,1
HC3853A,2,1,0
HC3856A,1,2,0
HC3873A,1,2,0
HC3881A,2,1,0
HC3899A,0,1,2
HC3903A,0,0,3
HC3911A,0,1,2
HC3913A,2,0,1
HC3938A,1,0,2
HC3976A,0,2,1
HC397A,0,2,1
HC3985A,0,1,3
HC4002A,0,2,1
HC4012A,1,2,1
HC4026A,1,2,0
HC4041A,1,2,0
HC4080A,1,2,0
HC4095A,2,1,0
HC4103A,0,1,2
HC4108A,0,3,1
HC4109A,2,1,0
HC4110A,1,0,2
HC4115A,1,0,2
HC411A,1,1,1
HC4128A,2,1,0
HC4139A,1,0,2
HC4162A,0,3,0
HC4171A,1,1,1
HC4183A,1,2,0
HC4202A,0,0,3
HC4215A,0,1,2
HC422A,0,0,3
HC4231A,1,1,1
HC4248A,0,1,2
HC4269A,0,1,2
HC4277A,2,1,0
HC4281A,1,2,0
HC4287A,1,1,1
HC4303A,1,0,2
HC4312A,0,1,2
HC4318A,0,1,2
HC4328A,1,2,0
HC4334A,1,1,1
HC4339A,0,1,3
HC4351A,2,1,0
HC4367A,2,1,0
HC4377A,1,0,2
HC4396A,0,1,2
HC4401A,0,3,0
HC4413A,3,0,0
HC4415A,0,3,0
HC4428A,2,0,1
HC4433A,0,1,2
HC4442A,1,1,1
HC4457A,1,1,1
HC4461A,1,2,0
HC4475A,0,1,2
HC4478A,0,2,1
HC4479A,0,3,0
HC4484A,0,1,3
HC4495A,1,1,1
HC4502A,2,0,1
HC4504A,0,1,2
HC450A,1,2,0
HC4513A,0,2,1
HC4519A,0,1,2
HC4522A,1,1,1
HC4532A,1,1,1
HC4533A,1,0,2
HC4542A,0,2,1
HC4557A,2,1,0
HC4563A,1,0,2
HC4564A,1,1,1
HC4574A,1,1,1
HC4584A,1,1,1
HC4591A,0,1,2
HC4599A,1,2,0
HC4620A,1,0,2
HC4625A,2,1,0
HC4635A,0,3,0
HC4638A,2,1,0
HC463A,0,1,2
HC4643A,1,0,2
HC464A,0,2,1
HC4651A,0,1,2
HC4653A,0,2,1
HC4679A,1,0,2
HC4681A,1,0,2
HC4682A,2,1,0
HC4689A,1,1,1
HC4692A,2,1,0
HC4693A,1,0,2
HC4697A,2,1,1
HC4702A,1,0,2
HC4709A,1,1,1
HC4717A,1,1,1
HC4718A,2,2,0
HC4728A,1,0,2
HC4736A,0,1,2
HC4752A,0,1,2
HC4769A,2,1,0
HC4782A,1,0,2
HC4787A,2,0,1
HC4791T,0,2,2
HC4801A,0,0,3
HC4805A,2,1,0
HC4810A,0,0,3
HC4822A,1,1,1
HC4828T,0,1,2
HC4829A,1,1,1
HC4839A,1,0,2
HC4849A,0,1,2
HC4850A,0,2,1
HC4882A,0,1,2
HC4887A,1,0,2
HC4898A,1,1,1
HC489A,0,0,3
HC48A,2,2,0
HC4907A,1,0,2
HC4910A,0,2,2
HC4911A,3,0,0
HC4926A,2,1,0
HC4951A,1,0,2
HC4964A,0,0,3
HC4975A,0,1,2
HC4988A,1,1,1
HC4A,0,1,2
HC5010A,0,2,1
HC513A,2,0,1
HC514A,1,1,1
HC531A,1,1,1
HC533A,0,1,2
HC540A,0,0,3
HC545A,1,0,2
HC547A,1,0,2
HC551A,0,0,3
HC555A,0,0,4
HC567A,1,2,0
HC574A,0,1,2
HC581A,1,1,1
HC601A,0,1,2
HC609A,0,0,3
HC620A,0,3,0
HC622A,0,1,2
HC63A,2,0,1
HC661A,0,1,2
HC664A,0,0,3
HC681A,1,1,1
HC697A,1,1,1
HC6A,1,1,1
HC754A,0,2,1
HC782A,0,1,2
HC789A,1,0,2
HC790A,3,0,0
HC791A,1,2,0
HC793A,2,1,0
HC803A,0,0,3
HC814A,1,1,1
HC826A,0,1,2
HC82A,0,0,3
HC833A,0,1,2
HC843A,1,2,0
HC84A,2,0,1
HC852A,1,2,0
HC85A,1,2,0
HC876A,0,0,3
HC896A,0,0,3
HC909A,0,0,3
HC918A,1,0,2
HC921A,0,0,3
HC93A,0,0,3
HC947A,3,0,0
HC952A,1,2,0
HC957A,0,0,3
HC961A,0,0,3
HC966A,1,2,0
HC975T,0,0,3
HC982A,1,2,0
HC983A,1,1,1
HC987A,1,0,2
HC98A,0,0,3
HD1000A,1,1,1
HD1002A,0,2,1
HD1003A,0,2,1
HD1004A,0,3,0
HD1007A,1,1,1
HD100A,0,1,2
HD1012A,1,0,3
HD1015A,0,0,3
HD1017A,0,0,3
HD1018A,0,0,3
HD1019T,1,0,2
HD1022A,0,0,3
HD1024A,2,1,0
HD1026A,2,1,0
HD1028T,0,2,1
HD102A,2,1,0
HD1030A,0,0,3
HD1031A,0,0,4
HD1033A,0,1,2
HD1034A,0,3,0
HD1037A,0,1,2
HD1038A,0,1,2
HD1041A,3,0,0
HD1042T,0,0,3
HD1043A,2,1,0
HD1044A,1,2,0
HD1046A,0,0,3
HD1049A,2,0,1
HD1050A,0,1,2
HD1053A,2,1,0
HD1058A,2,1,0
HD105A,1,1,1
HD1060A,1,1,1
HD1061A,1,0,2
HD1064A,1,1,1
HD1065A,1,1,1
HD1067A,2,0,2
HD1068A,0,2,1
HD1069A,1,2,0
HD1070A,1,1,1
HD1071A,1,2,0
HD1075A,1,0,2
HD1076A,0,0,3
HD1078A,2,1,0
HD1079A,0,0,3
HD1080T,0,0,3
HD1081A,2,1,0
HD1083A,1,0,2
HD1087A,0,0,3
HD108A,1,0,2
HD1091A,1,2,0
HD1092A,0,3,0
HD1093A,1,0,2
HD1095A,2,1,0
HD1097A,1,1,1
HD1098A,1,1,1
HD10A,1,0,2
HD1101A,0,3,0
HD1105A,1,1,1
HD1106A,1,2,0
HD1112T,0,0,3
HD1113A,0,2,1
HD1115T,1,0,2
HD1117A,2,1,0
HD1118A,0,0,3
HD1119A,0,0,3
HD111T,3,0,0
HD1120A,2,0,1
HD1123A,0,3,0
HD1124A,1,0,3
HD1126A,0,1,2
HD1127A,0,3,0
HD112A,0,0,3
HD1131T,0,1,2
HD1133T,2,1,1
HD1134A,0,2,1
HD1135A,2,1,0
HD1139A,2,0,1
HD1141A,0,0,3
HD1143A,0,0,3
HD1146A,0,1,2
HD1150A,0,2,1
HD1152T,1,0,2
HD1153T,0,0,3
HD1154T,0,1,2
HD1155A,2,0,1
HD1156T,1,1,1
HD115A,1,3,0
HD1161A,0,1,2
HD1162A,1,1,1
HD1163A,1,1,1
HD1164A,1,0,2
HD1167A,2,0,1
HD1168A,1,2,0
HD116A,1,2,0
HD1170A,1,1,1
HD1172A,0,0,3
HD1174A,1,0,2
HD1176A,1,1,1
HD1177T,1,0,2
HD1180A,0,0,3
HD1182A,1,1,1
HD1183A,0,3,0
HD1184A,0,0,3
HD1187A,1,0,2
HD1188T,2,0,1
HD1189T,2,1,0
HD118A,0,1,2
HD1190A,1,0,2
HD1191A,0,0,3
HD1192A,0,1,2
HD1193A,1,1,2
HD1194A,1,0,2
HD1196A,1,1,1
HD1198A,0,2,1
HD1199A,1,0,2
HD119A,0,0,3
HD11A,2,0,1
HD1202A,1,0,3
HD1203A,0,1,2
HD1204A,0,2,1
HD1205A,0,2,1
HD1206A,0,1,2
HD1209A,0,2,1
HD12110,2,1,0
HD1213A,0,1,2
HD1214A,1,1,1
HD1215T,1,1,1
HD1220A,1,0,2
HD1221T,0,1,2
HD1222A,1,2,0
HD1225A,2,1,0
HD1227A,0,0,3
HD1228A,0,1,2
HD1230A,1,1,1
HD1231T,2,1,0
HD1232A,3,0,0
HD1233A,0,1,2
HD1235A,1,0,2
HD1236A,1,0,2
HD1239A,2,1,0
HD123A,1,2,0
HD1240A,1,0,2
HD1243T,1,0,2
HD1244A,0,0,3
HD1245T,0,2,1
HD1246A,1,1,1
HD1247A,1,2,0
HD1248A,1,2,0
HD1251A,1,2,0
HD1252A,0,0,3
HD1253A,1,1,1
HD1255A,2,0,1
HD1258A,2,0,1
HD1259A,1,1,1
HD125A,0,1,2
HD1268T,0,2,1
HD1269A,1,2,0
HD1275A,1,1,1
HD1277A,1,1,1
HD1278A,2,0,1
HD1279A,2,0,1
HD1285A,0,1,2
HD128A,1,0,2
HD1291A,3,0,0
HD1292A,0,0,3
HD1294A,1,0,2
HD1298A,1,1,1
HD1299A,1,0,2
HD129A,1,0,2
HD1300A,1,1,1
HD1302A,2,1,0
HD1303A,2,0,1
HD1305A,3,0,0
HD1306A,1,0,2
HD1307A,1,2,1
HD1308A,2,1,0
HD130A,2,0,1
HD1314A,1,2,0
HD1318A,0,0,3
HD1319A,1,1,1
HD1320A,1,0,2
HD1322A,2,1,0
HD1324A,1,2,0
HD1325A,3,0,0
HD1327A,2,0,1
HD132A,0,0,3
HD1334A,2,1,0
HD1337A,2,2,0
HD1338A,2,1,0
HD133A,0,1,2
HD1340A,1,0,2
HD1341A,0,2,1
HD1342A,0,3,0
HD1343A,2,1,0
HD1344A,1,2,1
HD1347A,1,1,1
HD1348T,1,0,2
HD1349T,2,1,0
HD134A,2,0,1
HD1350A,1,0,2
HD1351T,0,0,4
HD1353A,1,1,1
HD1356A,3,0,0
HD1357A,3,0,0
HD1361A,0,1,2
HD1365A,3,0,0
HD1366A,0,1,2
HD1368A,1,2,0
HD136A,1,2,0
HD1371A,0,0,3
HD1372A,2,0,1
HD1373A,1,0,2
HD1378A,3,0,0
HD1382A,0,1,2
HD1386A,1,0,2
HD1388T,1,0,2
HD1390T,0,1,2
HD1392A,1,0,2
HD1393A,1,0,2
HD1395A,0,2,1
HD1396A,2,0,1
HD1399A,1,0,2
HD1400T,1,2,0
HD1404A,1,1,1
HD1406A,1,1,1
HD1409A,1,0,2
HD1410A,1,0,2
HD1411A,3,0,0
HD1412A,1,0,2
HD1413A,2,1,0
HD1415A,0,1,2
HD1417A,0,2,1
HD1418T,1,0,2
HD1419A,3,0,0
HD141T,2,2,0
HD1420A,1,2,0
HD1421A,1,0,3
HD1423T,0,2,1
HD1425T,0,1,2
HD1426T,1,0,2
HD1428T,0,0,3
HD1431A,1,0,2
HD1432A,1,1,1
HD1438A,0,1,2
HD1440A,2,0,1
HD1441T,2,0,1
HD1443A,0,3,0
HD1445A,1,0,2
HD1447T,2,1,0
HD1448T,0,2,1
HD1450A,2,1,1
HD1452A,1,2,0
HD1454T,2,0,1
HD1455A,1,0,2
HD1456A,1,0,3
HD1457A,1,2,0
HD1458A,1,2,0
HD1459A,1,1,1
HD145A,1,1,1
HD1461A,3,0,0
HD1463A,2,1,0
HD1465A,1,0,2
HD1466A,0,3,0
HD1467T,1,0,3
HD1471A,0,0,3
HD1472A,1,2,0
HD1474T,2,1,1
HD1478A,0,0,3
HD1479A,0,0,3
HD1481A,1,1,1
HD1482A,1,1,1
HD1485T,1,0,2
HD1486T,2,1,0
HD1488T,3,0,0
HD148A,0,1,2
HD1492A,0,2,1
HD1495A,0,0,3
HD1497A,0,0,3
HD1498A,2,0,1
HD1504A,0,0,3
HD1509A,1,0,2
HD150A,1,0,2
HD1511A,1,1,2
HD1513A,0,1,2
HD1515T,0,3,0
HD1516A,1,0,2
HD1518A,1,0,2
HD151A,3,0,0
HD1520A,0,2,1
HD1522A,1,1,1
HD1523A,2,0,1
HD1526A,0,3,0
HD1528A,0,0,3
HD1531A,1,0,2
HD1532A,1,1,1
HD1533A,1,0,2
HD1535A,1,0,2
HD1536T,0,0,3
HD1537A,2,0,1
HD1538T,0,1,2
HD153A,1,1,1
HD1543A,1,1,1
HD1545A,1,1,1
HD1546A,1,2,0
HD1548A,1,0,2
HD154A,1,0,2
HD1550T,0,1,2
HD1551A,1,2,0
HD1552A,0,0,3
HD1553A,1,1,1
HD1556A,1,1,1
HD1558A,3,0,0
HD1561A,2,0,1
HD1562T,2,0,1
HD1563A,0,2,1
HD1564A,2,0,1
HD1568A,3,1,0
HD1569A,0,0,3
HD156A,1,0,2
HD1570A,1,1,1
HD1571A,0,1,2
HD1572A,1,1,1
HD1573A,0,0,3
HD1578A,0,0,3
HD1579A,1,2,0
HD1580A,2,1,0
HD1584A,1,2,0
HD1585A,1,0,2
HD1586A,1,2,0
HD1588A,2,0,1
HD1592T,0,0,3
HD1597T,1,1,1
HD1602T,1,1,1
HD1604T,1,1,1
HD1607A,1,0,2
HD1609A,0,0,3
HD1610A,1,2,0
HD1613A,2,0,1
HD1615A,1,1,1
HD1617T,0,1,2
HD1619A,1,1,1
HD1623A,0,1,2
HD1625A,2,1,0
HD1626A,0,2,1
HD1630A,1,1,1
HD1631A,1,1,2
HD1632A,2,1,0
HD1633T,1,1,1
HD1634T,2,1,0
HD1637A,0,3,0
HD1639A,1,0,2
HD1641A,1,2,0
HD1643A,0,0,3
HD1644T,0,0,3
HD1647A,3,1,0
HD1648A,3,0,0
HD1650A,2,0,1
HD1654T,1,0,2
HD1655A,1,1,1
HD1656A,1,2,0
HD1658T,0,0,3
HD165A,1,1,1
HD1663A,0,2,1
HD1667A,2,1,0
HD1668A,0,2,1
HD1675A,1,0,2
HD1677A,2,0,1
HD1678A,0,0,3
HD167T,0,1,3
HD1680A,1,2,0
HD1681T,1,1,1
HD1685T,1,0,2
HD1686A,1,0,2
HD1688A,1,0,2
HD1693A,0,2,1
HD1694A,1,0,2
HD1696A,2,1,0
HD1703A,0,2,1
HD1705A,0,0,3
HD1706T,1,1,1
HD1707A,0,0,3
HD1708A,0,0,3
HD1709A,0,1,2
HD170A,1,0,2
HD1710A,2,1,0
HD1711T,1,2,0
HD1714A,0,2,1
HD1716A,0,1,2
HD1718A,2,0,1
HD171A,1,2,0
HD1721A,0,0,3
HD1726A,1,0,3
HD1727A,0,0,3
HD1729T,0,0,3
HD1733A,1,0,2
HD1737A,0,0,3
HD1738T,1,2,0
HD173A,2,0,2
HD1743A,0,1,2
HD1744A,1,0,2
HD1746T,0,3,0
HD1748A,2,0,1
HD1749A,0,1,2
HD174T,0,0,3
HD1751A,0,2,1
HD1755A,1,2,0
HD1761A,1,1,1
HD1762A,2,1,0
HD1763A,1,2,0
HD1764A,0,1,2
HD1767T,1,1,1
HD1768A,1,1,2
HD1770A,2,1,1
HD1771A,1,2,0
HD1775A,2,0,1
HD1776A,3,0,0
HD1779A,2,0,1
HD1781A,1,1,1
HD1783A,1,0,2
HD1784A,1,1,1
HD1785A,0,1,2
HD1787A,0,0,3
HD1791A,0,3,0
HD1794A,0,2,1
HD1795A,0,0,3
HD1799A,0,0,3
HD1800A,0,3,0
HD1803T,0,1,2
HD1804A,1,2,0
HD1805A,0,1,2
HD1806A,1,1,1
HD1808A,0,3,0
HD1809A,1,0,2
HD180T,0,1,2
HD1810A,0,2,1
HD1811A,1,2,0
HD1812A,1,0,2
HD1813A,1,1,1
HD1814A,0,1,2
HD1816A,1,2,0
HD1817A,2,1,0
HD1818A,2,1,0
HD1819A,0,1,2
HD181A,1,0,2
HD1823A,0,3,0
HD1826A,2,1,0
HD1827A,1,0,2
HD1835A,1,1,1
HD1837T,2,0,1
HD1838A,1,0,2
HD1840A,2,0,1
HD1841A,1,1,2
HD1842A,1,0,2
HD1845A,0,2,1
HD1847T,1,2,0
HD1848A,0,3,0
HD1849A,1,0,2
HD1853A,2,1,0
HD1854A,1,1,1
HD1864A,1,0,2
HD1865A,0,0,3
HD1866T,1,2,0
HD1868A,1,1,1
HD1869A,1,2,0
HD1870A,2,0,1
HD1874A,1,2,0
HD187A,0,2,1
HD1880A,2,0,1
HD1883A,2,0,1
HD1884A,1,2,0
HD1886A,0,3,0
HD1888A,1,0,2
HD188A,0,0,3
HD1890A,2,1,0
HD1893A,1,0,2
HD1894A,0,1,2
HD1895A,2,0,1
HD1896A,1,1,1
HD1898A,1,1,1
HD1899A,1,1,1
HD189A,1,2,0
HD1901A,2,1,0
HD1910T,0,0,3
HD1911A,0,3,0
HD1914A,2,0,1
HD1915T,2,0,1
HD1916A,3,0,0
HD1917A,2,0,1
HD1920T,0,1,3
HD1921A,1,1,1
HD1922A,1,1,1
HD1923A,1,0,2
HD1924A,0,3,0
HD1926A,2,0,1
HD1927A,0,0,3
HD1928A,2,0,1
HD1932A,0,3,0
HD1933A,1,1,2
HD1935A,1,1,1
HD1936A,2,1,0
HD1938A,1,0,2
HD1940A,1,1,1
HD1942A,0,2,1
HD1944A,1,0,2
HD1945A,0,3,0
HD1948T,0,0,3
HD194A,1,2,0
HD1950A,2,1,0
HD1951A,1,1,1
HD1952A,1,0,2
HD1953A,1,2,0
HD1955A,1,0,2
HD1957A,1,0,2
HD1959A,0,0,3
HD195A,2,0,1
HD1961T,1,0,2
HD1964A,0,1,2
HD1967A,0,2,1
HD1970A,1,0,2
HD1971A,1,2,0
HD1972T,0,2,1
HD1974A,2,1,0
HD1975A,1,0,2
HD1976A,1,1,2
HD1979A,1,1,2
HD1980A,2,0,1
HD1982T,1,1,1
HD1988A,1,2,0
HD1989T,1,0,2
HD1992A,1,2,0
HD1997A,0,1,2
HD2004A,1,1,1
HD2005T,1,0,2
HD2006A,1,0,2
HD2007A,0,0,3
HD2009A,0,3,0
HD200A,2,1,0
HD2012A,1,0,2
HD2014A,0,2,1
HD2015A,2,1,0
HD2016A,0,0,3
HD2017T,2,0,1
HD2018A,2,0,1
HD2019A,2,0,1
HD2020A,1,1,1
HD20240,1,1,1
HD2026A,1,0,2
HD2029A,2,0,1
HD202T,0,2,1
HD2030T,0,1,2
HD2038A,1,2,0
HD203A,0,1,2
HD2043A,1,0,2
HD2044T,1,0,2
HD2045A,0,3,0
HD2049A,0,3,0
HD2050A,2,0,1
HD2051A,1,2,0
HD2053A,1,0,2
HD2056A,0,0,3
HD2057A,1,1,1
HD2058A,1,1,1
HD2061T,2,1,1
HD2063A,2,1,0
HD2065A,2,0,1
HD2067T,2,1,0
HD2068A,0,1,2
HD2069A,1,0,2
HD2074A,1,1,1
HD207A,1,2,0
HD2083A,0,0,3
HD2084A,1,1,1
HD2086T,1,2,0
HD2087A,1,1,1
HD2089A,1,1,1
HD2090A,0,1,2
HD2094A,0,1,2
HD2095A,2,0,1
HD2097A,2,0,2
HD2098A,2,1,0
HD20A,1,0,2
HD2100A,0,1,2
HD2101A,0,1,3
HD2102A,0,3,0
HD2103A,2,0,1
HD2104A,1,0,2
HD2106T,0,0,3
HD2107A,0,0,3
HD210A,0,0,3
HD2110T,0,1,2
HD2111A,2,1,0
HD2114A,1,1,1
HD2116A,0,0,3
HD2117A,0,1,2
HD2121A,2,1,0
HD2122A,2,0,1
HD2124A,0,1,2
HD2125A,0,3,0
HD2128A,2,1,0
HD212A,1,1,1
HD2131A,0,0,3
HD2134A,0,1,2
HD2136T,0,1,2
HD2137A,1,2,0
HD2138A,1,1,1
HD213T,1,1,1
HD2140T,3,0,1
HD2145A,1,0,2
HD2146A,1,2,0
HD2148A,0,2,1
HD2150A,0,1,2
HD2152A,1,1,1
HD2153A,1,1,1
HD2154A,2,1,0
HD2157A,0,3,0
HD2159T,1,0,2
HD2162A,0,3,0
HD2164A,0,2,1
HD2165T,0,0,3
HD2169T,1,2,0
HD216A,0,2,1
HD2172A,0,3,0
HD2174T,1,1,1
HD2175A,2,0,1
HD2178A,1,2,0
HD217A,1,1,1
HD2180A,0,1,2
HD2181A,3,1,0
HD2182T,2,1,0
HD2184A,0,3,0
HD2187A,2,1,0
HD2188A,0,2,1
HD2191A,1,2,0
HD2192A,1,0,2
HD2195A,1,2,0
HD2196A,2,1,1
HD2197A,1,2,0
HD2198A,0,3,0
HD2199T,1,1,1
HD219A,1,2,0
HD2200A,0,0,3
HD2201T,2,1,0
HD2202A,2,1,0
HD2205A,0,1,2
HD2208A,1,2,0
HD2209A,2,0,2
HD2212A,0,1,2
HD2214T,1,2,0
HD2216T,0,1,2
HD2217A,0,2,1
HD221T,1,1,1
HD2221A,0,2,1
HD2222A,1,2,0
HD2225A,0,3,0
HD2226A,2,1,1
HD222A,0,3,0
HD2232T,2,0,1
HD2233A,0,2,1
HD2234A,1,0,3
HD2235A,1,0,2
HD2238A,2,1,0
HD223A,1,1,1
HD2240T,1,1,1
HD2242A,1,1,1
HD2246A,2,0,1
HD2250A,1,0,2
HD2251A,1,1,1
HD2252A,0,3,0
HD2253A,2,1,0
HD2255T,0,2,1
HD2256A,0,1,2
HD2257A,1,0,2
HD2258A,3,0,0
HD2259A,0,1,2
HD2261A,2,1,0
HD2266T,2,0,1
HD2270T,1,1,1
HD2277A,0,2,1
HD2279A,1,1,1
HD2282A,1,1,1
HD2283A,0,3,0
HD2284A,0,0,3
HD2285A,0,2,1
HD2286A,1,1,1
HD2289A,1,2,0
HD2290A,0,3,0
HD2294A,0,2,1
HD229A,1,0,2
HD2301T,1,0,2
HD2303T,2,0,1
HD2304A,0,1,2
HD2305T,0,0,3
HD2306A,1,2,0
HD2307A,2,1,0
HD2308A,1,0,2
HD230A,3,0,0
HD2310A,2,2,0
HD2312A,0,2,1
HD2313A,0,0,3
HD2314A,1,1,1
HD2315A,2,0,1
HD2319A,0,1,3
HD2320A,2,0,1
HD2323A,0,1,2
HD2328A,1,0,2
HD2329A,0,1,2
HD232A,0,2,1
HD2330T,0,0,3
HD2331T,1,2,0
HD2337A,2,0,1
HD2338A,1,1,1
HD2339A,0,1,2
HD2340A,1,2,0
HD2342A,0,0,3
HD2344A,0,0,3
HD2346A,1,1,1
HD2348A,1,0,2
HD2350A,0,0,3
HD2351A,1,0,2
HD2352T,1,1,1
HD2356A,1,1,1
HD235A,1,1,1
HD2364B,1,0,2
HD2368A,1,3,0
HD2373A,1,2,0
HD2375A,1,2,0
HD2378A,1,2,0
HD2381T,1,0,2
HD2382A,2,0,1
HD2383A,0,0,3
HD2384A,1,1,1
HD2385T,2,0,1
HD2386A,1,1,1
HD2387A,1,0,2
HD2388T,2,0,2
HD2389A,1,1,1
HD2391A,3,0,0
HD2392A,0,1,2
HD2393A,1,0,2
HD2395A,1,1,1
HD2396T,1,0,2
HD2397A,1,0,2
HD2398A,0,0,3
HD239A,0,1,2
HD2400A,1,1,1
HD2402T,1,1,1
HD2404T,1,1,1
HD2408A,1,0,2
HD240A,0,1,2
HD2410B,1,2,0
HD2414T,1,0,2
HD2415A,1,2,0
HD2416A,1,2,0
HD2419A,3,0,0
HD2421T,0,0,3
HD2423A,2,1,0
HD2426A,0,1,2
HD2427A,2,1,0
HD2428A,0,1,2
HD2429A,1,2,0
HD2430A,2,1,0
HD2436A,2,1,0
HD2438A,0,2,1
HD2439A,2,1,0
HD243A,1,1,1
HD2441A,1,0,2
HD2442A,1,0,2
HD2443A,2,0,1
HD2446A,2,1,0
HD2447A,0,0,3
HD244A,1,0,2
HD2454A,2,0,1
HD2461A,1,2,0
HD2464T,1,0,2
HD2465A,0,1,2
HD2468A,0,3,0
HD2469A,1,1,1
HD246A,0,2,1
HD2473A,1,2,0
HD2474A,0,1,2
HD2475A,3,0,0
HD2477A,1,1,1
HD247A,1,2,0
HD2483A,0,0,3
HD2485A,1,2,0
HD2486T,2,1,0
HD2489T,2,0,1
HD248A,2,1,0
HD2491A,2,1,0
HD2492A,0,0,3
HD2493A,2,1,0
HD2496A,1,0,2
HD2498T,1,0,2
HD249A,2,1,0
HD2504A,0,1,3
HD2507A,2,1,0
HD250A,2,0,1
HD2510A,2,0,1
HD2511B,2,1,0
HD2518A,3,0,0
HD2519A,2,1,0
HD2520A,2,1,0
HD2521T,2,1,0
HD2523A,0,2,1
HD2525A,0,3,0
HD2527A,0,2,1
HD2529A,2,1,0
HD2532A,1,1,1
HD2534A,0,0,3
HD2535A,2,0,1
HD2536A,0,1,3
HD2537A,1,1,1
HD2538A,2,1,0
HD2541A,1,1,1
HD2542A,3,1,0
HD2545A,1,0,2
HD2546T,0,0,3
HD2547A,0,0,3
HD2549A,0,1,2
HD254A,1,0,2
HD2551T,0,0,3
HD2552A,1,1,1
HD2555A,0,0,3
HD2556A,2,0,1
HD2558A,1,1,1
HD2561A,1,0,2
HD2567A,2,0,1
HD2569A,1,0,2
HD2570A,1,0,3
HD2574A,0,2,1
HD2575A,0,0,3
HD2578A,0,2,1
HD2579A,2,1,0
HD2581A,1,2,0
HD2583T,1,0,2
HD2586A,0,1,2
HD2589A,2,1,0
HD2591A,0,1,2
HD2592A,2,0,1
HD2596A,0,1,2
HD2597T,1,1,1
HD2599A,2,1,0
HD25T,2,1,0
HD2601A,1,2,0
HD2605A,2,1,0
HD2607T,1,0,2
HD2608A,0,0,3
HD260A,2,0,1
HD2611A,2,1,1
HD2616T,1,1,1
HD2617A,1,0,2
HD261A,2,1,0
HD2622A,2,1,0
HD2623A,2,0,1
HD2624A,1,1,1
HD2626A,2,1,0
HD2628T,0,1,2
HD262A,0,1,2
HD2631A,2,0,2
HD2633A,1,1,1
HD2634T,0,1,2
HD2638A,1,2,0
HD2639T,1,1,1
HD263A,3,0,0
HD2640A,1,0,2
HD2641A,1,2,0
HD2643A,1,1,1
HD2644T,1,2,0
HD2645A,2,1,0
HD2651A,1,1,1
HD2652A,0,0,3
HD2656A,0,1,2
HD2659A,1,0,2
HD2660A,2,0,1
HD2661A,3,0,0
HD2662A,0,1,2
HD2663A,2,0,1
HD2665A,1,0,2
HD2668A,0,1,2
HD266A,1,1,1
HD2671A,3,0,0
HD2672A,1,0,2
HD2677A,1,1,2
HD2683A,1,0,2
HD2684A,1,2,0
HD2686A,0,0,4
HD2687A,3,0,0
HD2688A,1,0,2
HD268A,2,1,0
HD2691T,0,0,3
HD2692A,1,0,2
HD2693A,1,0,2
HD2697A,2,1,0
HD2699A,2,0,1
HD26T,2,1,0
HD2701A,0,1,2
HD2702A,2,0,1
HD2704A,2,0,1
HD2706A,0,3,0
HD2707T,1,0,2
HD2709T,1,1,1
HD270A,0,1,2
HD2710A,2,0,1
HD2712T,1,1,1
HD2713A,1,0,2
HD2717A,0,0,3
HD2718T,0,0,3
HD2719T,2,0,1
HD271A,1,1,1
HD2720A,1,2,0
HD2725A,0,0,3
HD2726A,1,0,2
HD2731A,0,1,2
HD2733T,0,0,3
HD2734A,1,2,0
HD2735A,2,1,0
HD2736A,2,1,0
HD2739A,2,2,0
HD2742A,3,0,0
HD2744T,2,0,1
HD2747A,1,0,2
HD2748A,1,1,1
HD274A,2,1,0
HD2751A,0,1,2
HD2754T,2,1,0
HD275A,1,2,0
HD2765A,1,1,1
HD2769A,1,0,2
HD276A,2,1,0
HD2772A,2,1,0
HD2775A,1,1,1
HD2777T,3,0,0
HD2778T,2,1,0
HD277A,2,0,1
HD2784A,2,0,1
HD2785A,1,0,2
HD2789T,1,1,1
HD278A,2,1,0
HD2791A,2,1,1
HD2794A,4,0,0
HD2795A,1,1,1
HD2798A,2,0,1
HD2802A,0,1,2
HD2803A,1,2,0
HD2804A,3,0,0
HD2805A,0,0,3
HD2806A,1,0,2
HD2812A,2,0,1
HD2814A,1,2,0
HD2817A,2,1,0
HD2818A,0,1,2
HD281A,2,0,1
HD2821A,1,0,2
HD2822A,3,0,0
HD2829A,2,1,0
HD2832A,0,1,2
HD2833A,2,1,0
HD2835A,0,0,3
HD2836A,3,0,0
HD283A,2,0,1
HD2840A,1,0,2
HD2841T,0,0,3
HD2850A,0,1,2
HD2852T,0,2,2
HD2853A,2,0,1
HD2856A,1,1,1
HD2858A,1,1,1
HD2859A,0,3,0
HD285A,2,1,0
HD2860A,2,0,1
HD2863A,1,1,1
HD2865A,2,0,1
HD2868A,1,0,2
HD286A,1,0,2
HD2871A,0,0,3
HD2874T,1,2,0
HD2875A,2,0,1
HD2879A,1,0,2
HD287A,2,1,0
HD2880T,1,0,2
HD2881A,0,0,3
HD2887T,3,0,0
HD2888A,2,0,1
HD2889A,3,0,0
HD2891A,1,1,2
HD2892A,2,2,0
HD2894A,1,1,1
HD2896A,1,0,2
HD289A,3,0,0
HD28A,0,0,4
HD2901T,2,0,1
HD2905T,1,0,2
HD2907A,0,0,3
HD2908A,3,0,0
HD2912A,2,0,1
HD2915A,3,0,0
HD2916A,0,0,4
HD2918T,1,1,1
HD2919A,2,0,1
HD2920A,0,1,2
HD2921A,0,2,1
HD2925A,0,1,2
HD2926A,1,0,2
HD2927T,1,0,2
HD2928T,2,0,1
HD2930A,2,1,1
HD2931A,1,1,1
HD2934T,2,1,0
HD2937A,0,1,2
HD2938A,3,0,0
HD2939A,1,2,0
HD2942T,0,0,3
HD2943A,2,0,1
HD2944A,2,0,1
HD2945A,1,0,2
HD2947A,0,0,3
HD2948A,2,1,0
HD2949A,1,1,1
HD294A,1,1,1
HD2952T,0,0,3
HD2953A,2,0,1
HD2954A,0,1,2
HD2955A,3,0,0
HD2956A,0,0,3
HD295A,1,0,2
HD2960A,1,0,2
HD2961A,1,2,0
HD2962A,0,1,2
HD2963A,0,3,0
HD2967A,2,0,1
HD2968A,3,0,0
HD296T,0,0,3
HD2970A,2,0,1
HD2974A,0,1,2
HD2977A,2,0,1
HD2978A,3,0,0
HD2979A,2,1,0
HD2980A,1,0,2
HD2982A,1,1,1
HD2984T,2,0,1
HD2985T,1,0,2
HD2986A,0,0,3
HD2989A,2,0,1
HD2991A,2,0,1
HD2993A,1,1,1
HD2994A,1,0,2
HD2995A,1,1,1
HD2996A,1,0,2
HD2997A,2,0,1
HD2998A,3,0,0
HD29A,0,1,2
HD2A,2,0,1
HD3002A,1,2,0
HD3003A,1,0,2
HD3004A,1,1,1
HD3005A,2,1,0
HD3008T,1,0,2
HD300A,2,1,0
HD3010A,2,1,1
HD3012A,1,0,2
HD3013A,1,0,2
HD3014A,2,1,0
HD3015A,1,0,2
HD3016A,1,1,1
HD3024A,3,0,0
HD3025A,3,0,0
HD3027A,1,0,3
HD302A,3,0,0
HD3030A,1,1,1
HD3031A,2,1,0
HD3033A,1,3,0
HD3035A,0,1,2
HD3036A,3,0,0
HD3039A,1,1,1
HD303T,1,1,1
HD3041A,1,1,1
HD3044A,3,0,0
HD3045A,2,0,1
HD3046A,3,0,0
HD3052T,1,1,1
HD3054A,0,1,2
HD3056A,1,1,1
HD3058A,1,1,1
HD3059A,3,0,0
HD305T,1,1,1
HD3060A,2,0,1
HD3061A,2,0,1
HD3062A,2,0,1
HD3063A,1,2,0
HD306A,1,0,2
HD3070A,3,0,0
HD3073A,1,2,1
HD3074A,3,0,0
HD3075A,3,0,0
HD3076A,2,0,2
HD3079A,2,1,0
HD3080A,2,1,0
HD3082A,2,2,0
HD3084A,2,1,0
HD3087A,2,0,1
HD3088A,3,0,0
HD3089A,2,1,0
HD308A,3,0,0
HD3093A,3,0,0
HD3096A,2,1,0
HD3099A,2,1,0
HD309A,2,0,1
HD30T,1,1,1
HD3100T,2,2,0
HD3104A,2,1,0
HD3106A,0,1,2
HD3107T,0,0,3
HD3109A,1,1,1
HD310A,1,1,1
HD3112A,3,0,0
HD3113A,1,1,1
HD3114A,2,1,0
HD3115A,2,0,1
HD3118A,1,1,1
HD3119A,2,1,0
HD311T,1,0,2
HD3120A,2,0,1
HD3122A,2,0,1
HD3125T,0,1,2
HD3126A,3,0,0
HD3127A,1,1,1
HD3128A,0,0,3
HD3129A,3,0,0
HD3130T,0,1,2
HD3137T,0,1,2
HD3138T,3,0,0
HD3139A,1,1,1
HD313A,2,1,0
HD3140A,1,0,2
HD3141A,3,0,0
HD3142A,2,1,0
HD3145A,1,2,0
HD3147A,1,1,1
HD314A,3,0,0
HD3155A,2,0,1
HD3156A,2,1,0
HD3158T,3,0,0
HD315A,2,1,0
HD3162A,1,1,1
HD3163T,0,2,1
HD3165A,0,2,1
HD3167T,1,0,2
HD3168A,1,0,2
HD3169A,2,1,0
HD3170A,1,2,0
HD3172A,1,1,1
HD3176A,2,0,1
HD3178A,2,1,0
HD3181A,0,1,2
HD3182A,0,3,0
HD3184A,2,1,0
HD3185A,3,0,0
HD3186A,2,0,1
HD3191A,1,1,1
HD3192A,2,1,0
HD3195A,0,3,1
HD3198A,1,1,1
HD3199A,3,0,0
HD3202A,2,0,1
HD3204A,3,0,0
HD3207T,0,1,2
HD3208A,2,1,0
HD3209A,2,1,0
HD320A,2,1,0
HD3211A,2,1,0
HD3212A,1,2,0
HD3213A,3,0,0
HD3215T,1,1,1
HD3216A,1,0,2
HD3218A,2,0,1
HD3219T,2,1,0
HD3220A,1,2,1
HD3223A,0,2,1
HD3224A,1,0,2
HD3225T,0,1,2
HD3226A,1,1,1
HD3228A,0,1,2
HD3229A,2,1,0
HD3233T,1,0,2
HD3234A,3,0,0
HD3237T,2,0,1
HD3243A,1,2,0
HD3251A,1,0,2
HD3255T,2,0,1
HD3256A,1,1,1
HD3258A,1,2,0
HD3259A,1,1,1
HD325A,1,1,1
HD3266A,3,0,0
HD3267A,2,1,0
HD3268A,2,1,0
HD326A,2,1,0
HD3270A,1,1,1
HD3276A,1,2,0
HD3279A,2,1,0
HD3280A,2,1,0
HD3282T,1,2,0
HD3283A,1,1,1
HD3284A,2,1,0
HD3287A,1,2,0
HD328A,2,0,1
HD3292A,1,0,2
HD3294A,3,1,0
HD3295A,2,1,0
HD3296A,2,0,1
HD3299A,3,0,0
HD329T,1,2,0
HD3300A,2,0,1
HD3301A,3,0,0
HD3305T,3,1,0
HD3306A,0,3,0
HD3310A,2,0,1
HD3311A,1,1,1
HD3314A,2,1,0
HD3317A,3,0,0
HD3318A,0,2,1
HD3319T,3,0,0
HD3320A,3,0,0
HD3324A,3,0,0
HD3325A,0,2,1
HD3327A,3,0,0
HD3329A,1,1,1
HD332A,2,1,0
HD3331A,2,1,0
HD3334A,1,0,2
HD3336A,2,1,0
HD3339A,1,1,1
HD3341T,0,3,0
HD3343A,2,1,0
HD3345T,3,0,0
HD3347T,2,1,0
HD3348A,1,1,1
HD334A,3,0,0
HD3350A,0,2,1
HD3351A,0,3,0
HD3353A,2,1,0
HD3355A,3,0,0
HD3356A,2,1,0
HD3357A,3,0,0
HD3359A,1,1,1
HD3362A,1,2,0
HD3365A,1,1,1
HD3366A,2,1,0
HD3368A,1,0,2
HD3370T,3,0,0
HD3371A,1,1,1
HD3372A,2,0,1
HD3373A,2,1,0
HD3375A,1,0,2
HD3376A,0,0,3
HD3379A,2,1,0
HD3381A,0,2,1
HD3383A,0,1,2
HD3384T,1,1,1
HD3386A,1,0,2
HD3387A,1,1,1
HD338A,2,1,0
HD3390A,0,0,3
HD3392T,2,1,0
HD3395A,1,1,1
HD3398A,3,0,0
HD33A,3,0,0
HD3401A,0,2,1
HD3402A,0,4,0
HD3404A,3,0,0
HD3406A,1,0,2
HD3407A,2,1,0
HD340A,1,2,0
HD3410A,2,1,0
HD3412A,1,1,1
HD3413A,1,1,1
HD3416A,0,0,3
HD3421A,1,1,1
HD3422T,0,1,2
HD3427A,1,1,1
HD342A,2,0,1
HD3431A,2,0,1
HD3433A,2,0,1
HD3436A,2,0,1
HD3437A,2,0,1
HD343A,1,2,1
HD3440A,0,3,1
HD3441T,2,1,0
HD3443A,2,1,0
HD3444A,1,2,0
HD3447A,1,2,0
HD3449T,1,0,2
HD3450A,2,1,0
HD3451A,2,0,1
HD3454A,1,0,2
HD3456A,0,1,2
HD3460A,0,2,1
HD3461T,2,0,1
HD3463A,0,0,3
HD3465A,2,1,0
HD3468A,1,1,1
HD346A,1,1,1
HD3471A,2,1,0
HD3473A,1,1,1
HD3475A,0,2,1
HD3477A,2,1,0
HD347T,3,0,1
HD3482T,1,0,2
HD3483T,2,1,0
HD3489A,1,1,1
HD3493A,1,1,1
HD3498T,2,1,1
HD3499T,1,2,0
HD349A,4,0,0
HD3500A,1,1,2
HD3504A,2,1,0
HD3508A,1,2,0
HD350A,1,1,1
HD3512A,2,1,0
HD3515T,1,0,2
HD3516T,2,1,0
HD3518A,2,0,1
HD3519A,2,0,1
HD3520A,1,1,1
HD3522A,1,2,0
HD3523A,2,1,0
HD3524A,3,0,0
HD3528A,1,0,2
HD3529T,1,1,1
HD3530A,1,1,1
HD3531A,0,2,1
HD3532A,3,0,0
HD3533A,2,0,1
HD3535T,2,0,1
HD3537A,2,0,1
HD353A,1,1,1
HD3540A,2,1,0
HD3542T,1,2,0
HD3544T,2,2,0
HD3546T,3,0,0
HD3547A,3,0,0
HD3552A,1,1,1
HD3554A,2,0,1
HD3555A,1,1,1
HD3557A,1,0,2
HD3559A,2,0,1
HD3560A,3,1,0
HD3561A,0,2,1
HD3564A,1,2,0
HD3565A,2,1,0
HD3566A,2,1,0
HD3567A,3,0,0
HD3568A,1,1,1
HD356A,2,1,0
HD3575A,2,1,0
HD3577A,0,4,0
HD3578A,2,0,1
HD3579T,1,1,2
HD357A,3,0,0
HD3580A,2,0,1
HD3581A,1,2,0
HD3582T,1,1,1
HD3583A,2,1,0
HD3586A,2,1,0
HD3589A,2,0,1
HD3590A,0,2,1
HD3591A,2,1,0
HD3595A,2,1,0
HD3596A,2,0,1
HD3599A,1,2,0
HD359T,1,2,0
HD3600A,2,0,1
HD3601A,1,1,1
HD3603A,2,1,0
HD3605T,1,1,1
HD3607A,0,2,1
HD3608A,2,0,1
HD3609A,2,1,0
HD360A,2,0,1
HD3614T,2,0,1
HD3616A,1,1,1
HD3617T,1,0,2
HD3618A,3,0,0
HD361A,0,1,2
HD3620A,1,0,2
HD3621A,0,2,1
HD3624T,2,1,0
HD3626A,2,0,1
HD3628T,1,1,1
HD3629A,1,2,0
HD362T,2,0,1
HD3630A,2,0,1
HD3631A,1,2,0
HD36320,2,1,0
HD3633A,2,0,1
HD3634A,1,2,0
HD3636A,3,0,0
HD3637A,0,1,2
HD3640T,0,2,1
HD3641A,2,0,1
HD3642T,3,0,0
HD3643T,1,2,0
HD3644A,2,0,1
HD3645A,2,0,1
HD3647A,0,0,3
HD3648A,3,0,0
HD364A,0,0,3
HD3650A,1,3,0
HD3653A,2,0,1
HD3655A,1,2,0
HD3658A,1,0,2
HD3659A,0,2,1
HD365A,1,1,1
HD3662A,2,1,0
HD3664A,3,0,0
HD3665A,1,1,1
HD3667A,3,0,0
HD3668T,2,1,0
HD3669A,3,0,0
HD3671A,1,1,1
HD3675A,2,1,0
HD3677A,1,1,1
HD3678A,2,0,1
HD3680A,3,0,0
HD3682A,1,1,1
HD3685A,1,1,1
HD3688A,2,1,0
HD3689A,2,1,0
HD368A,3,0,0
HD3691A,2,0,1
HD3694A,2,0,1
HD3695T,2,1,0
HD3696A,2,0,1
HD3697A,3,0,0
HD3698A,1,1,1
HD369T,1,2,0
HD3704A,1,0,3
HD3708A,1,1,1
HD3712A,2,1,0
HD3713A,3,0,0
HD3714A,1,2,0
HD3715T,0,2,1
HD371T,1,2,0
HD3724A,3,0,0
HD3725A,2,1,0
HD3726A,1,1,1
HD3728T,1,1,1
HD3731A,2,1,0
HD3734A,2,1,0
HD3736A,2,1,0
HD3737A,1,1,1
HD3738A,0,1,2
HD373T,0,0,3
HD3741A,2,1,0
HD3742A,0,1,2
HD3744A,3,0,0
HD3746A,1,0,2
HD3747A,1,1,1
HD3749A,3,0,0
HD3750A,2,0,1
HD3751T,2,1,0
HD3753T,3,0,1
HD3755A,1,1,1
HD375A,2,1,0
HD3760A,1,1,1
HD3761A,2,0,1
HD3763A,1,1,1
HD3765A,0,1,2
HD3766A,1,0,2
HD3767A,1,2,0
HD3768A,2,0,1
HD3769A,1,1,1
HD376A,2,1,0
HD3770A,1,1,1
HD3771A,3,0,0
HD3772A,1,1,1
HD3774T,2,1,0
HD3776T,2,1,0
HD3777A,1,0,2
HD3778A,3,0,0
HD3779A,1,2,0
HD377A,2,1,0
HD3780A,1,2,0
HD3782A,2,0,1
HD3786A,1,2,0
HD3788A,1,1,1
HD3789A,1,2,0
HD378A,0,2,1
HD3791A,0,1,2
HD3792A,1,0,2
HD3793A,1,0,2
HD3794A,1,2,0
HD3795A,0,0,3
HD3797A,3,0,0
HD379A,2,1,0
HD3800A,0,0,3
HD3802T,1,1,1
HD3803A,1,2,0
HD3805A,3,0,0
HD3806A,2,0,1
HD3808A,2,0,1
HD3812A,2,0,1
HD3816T,1,0,2
HD3818A,3,1,0
HD3819A,3,0,0
HD381A,2,0,1
HD3820A,2,0,1
HD3822A,2,0,1
HD3824A,1,0,2
HD3828T,2,0,1
HD3829A,0,3,0
HD382A,2,0,1
HD3832A,2,1,0
HD3834A,3,0,0
HD3835T,2,1,0
HD3837A,0,2,1
HD3838T,1,1,1
HD383A,3,0,0
HD3840A,0,1,2
HD3843A,1,1,1
HD3844T,2,0,1
HD3845A,1,1,1
HD3846A,2,1,0
HD3848A,2,1,0
HD384A,2,0,1
HD3857A,3,0,0
HD3858T,2,1,0
HD3860A,2,1,0
HD3861A,1,1,1
HD3862T,2,1,0
HD3863A,2,1,0
HD3866A,2,0,1
HD3867T,2,0,1
HD3868A,3,0,1
HD386A,1,1,1
HD3871A,1,2,0
HD3876A,1,2,0
HD3877A,1,2,0
HD3878A,1,2,1
HD387A,1,0,2
HD3880A,1,2,0
HD3885A,1,2,0
HD3888A,2,0,2
HD3889A,3,0,0
HD388A,4,0,0
HD3891A,2,0,1
HD3892A,0,3,0
HD3893T,2,0,1
HD3894A,2,1,1
HD3895A,1,1,1
HD3897A,1,1,1
HD3898A,1,1,1
HD38T,1,0,2
HD3900T,3,0,0
HD3905T,2,0,1
HD3908A,3,0,0
HD3909A,1,0,2
HD390A,2,0,1
HD3912A,2,1,0
HD3915A,1,2,0
HD3916A,1,1,1
HD3918A,2,1,0
HD3919A,1,0,2
HD3920A,3,0,0
HD3921A,1,1,1
HD3922A,1,2,0
HD3924A,2,1,0
HD3925A,2,0,1
HD3928A,2,1,0
HD3929A,3,0,0
HD392A,2,1,0
HD3930T,0,2,1
HD3931A,2,1,0
HD3933A,1,1,1
HD3934T,2,1,0
HD3936T,2,0,1
HD3937A,1,1,1
HD393A,2,0,1
HD3940A,2,0,1
HD3942A,2,1,0
HD3944T,1,1,1
HD3946A,2,1,0
HD3949A,2,0,1
HD3955A,2,1,0
HD3956A,2,0,1
HD3958A,2,0,1
HD3962A,1,2,0
HD3963A,2,1,0
HD3965A,0,2,1
HD396A,2,1,0
HD3972A,0,2,1
HD3974A,2,1,0
HD3978A,2,1,0
HD3979T,2,1,0
HD3980T,0,1,2
HD3981A,3,0,0
HD3986A,2,1,0
HD3987A,2,0,1
HD3989A,2,1,0
HD3990A,2,1,0
HD3993T,2,1,0
HD3996A,3,0,0
HD3997A,2,1,0
HD3998A,2,1,0
HD3999A,3,0,0
HD399T,3,0,0
HD3T,3,0,1
HD4004A,2,1,0
HD4006T,3,0,0
HD4007A,2,1,0
HD4008A,1,1,1
HD4010T,0,1,2
HD4011A,2,0,1
HD4016A,0,0,3
HD4019A,2,0,1
HD4020A,2,1,0
HD4021A,2,0,1
HD4024A,2,1,0
HD4025A,1,2,0
HD4027A,2,1,0
HD4028A,1,2,0
HD4030T,2,1,0
HD4033T,1,1,1
HD4034A,3,0,0
HD4037A,2,1,0
HD4043A,0,1,3
HD4044T,1,1,1
HD4046A,2,1,0
HD4048A,2,1,0
HD4049A,0,2,1
HD4052A,3,0,0
HD4053A,1,2,0
HD4057A,2,0,1
HD4059A,1,0,2
HD4060A,3,0,0
HD4061A,2,0,2
HD4063A,0,1,2
HD4064A,1,1,1
HD4066A,3,0,0
HD4067T,3,0,0
HD4068A,3,1,0
HD4069A,3,0,0
HD406A,1,1,1
HD4070T,2,0,1
HD4071A,2,0,1
HD4073T,2,0,1
HD4075A,1,1,2
HD4076A,1,0,2
HD4079T,3,0,0
HD4082A,2,0,1
HD4083A,3,0,0
HD4084T,3,0,0
HD4085A,1,2,0
HD4089A,1,1,1
HD4090T,1,2,0
HD4091A,1,2,0
HD4093A,2,0,1
HD4094A,1,0,2
HD4097A,2,0,1
HD4098A,3,0,0
HD40T,2,1,0
HD4101T,0,3,0
HD4102T,3,0,0
HD4104A,2,0,1
HD4105A,3,0,0
HD4107A,2,0,1
HD410A,1,2,0
HD4113A,2,2,0
HD4114A,2,1,0
HD4120A,2,1,0
HD4121A,2,1,0
HD4122A,1,1,1
HD4123A,3,0,0
HD4124A,1,1,1
HD4125T,2,1,0
HD4126A,2,0,1
HD412A,1,0,2
HD4130A,1,1,1
HD4133T,2,0,1
HD4135A,3,0,0
HD4136A,1,1,1
HD4138A,0,1,2
HD413A,3,0,0
HD4140A,3,0,0
HD4143A,3,0,0
HD4144T,3,0,0
HD4147T,1,0,2
HD4148T,1,1,1
HD4149T,2,1,0
HD4150A,2,1,0
HD4153A,1,0,2
HD4154T,2,0,1
HD4156A,1,2,0
HD4158A,1,1,1
HD4160T,2,0,1
HD4163A,3,0,0
HD4164A,3,0,0
HD4165A,3,0,0
HD4166A,3,0,0
HD4169A,1,1,1
HD4172A,2,0,1
HD4173A,1,2,0
HD4176A,3,0,0
HD417A,1,2,0
HD4182A,2,1,0
HD4185A,2,0,1
HD4188A,2,1,0
HD4189A,2,1,0
HD4197A,1,1,1
HD4198A,3,0,0
HD4199A,2,1,0
HD419A,3,0,0
HD41A,1,2,0
HD4206A,2,1,0
HD4208T,2,0,1
HD4209A,2,0,1
HD4210A,1,1,1
HD4212A,3,0,0
HD4216A,1,2,0
HD4217A,2,1,0
HD4218A,3,0,0
HD4219A,1,2,0
HD421A,2,1,0
HD4221A,3,0,0
HD4222A,3,0,0
HD4223A,2,1,0
HD4225A,1,2,0
HD4227A,2,1,0
HD4228A,2,1,0
HD4230A,2,1,0
HD4234A,2,0,1
HD4235A,2,1,0
HD4236A,0,1,2
HD4238A,2,1,1
HD4239A,3,0,0
HD423T,4,0,0
HD4240T,3,0,0
HD4241A,2,1,0
HD4242A,1,1,1
HD4245A,2,1,0
HD4246A,2,0,1
HD4247A,3,0,0
HD424A,2,1,0
HD4252A,2,1,0
HD4253A,3,0,0
HD4254T,0,2,1
HD4255A,2,1,0
HD4256A,1,2,0
HD4257A,2,1,0
HD4258A,1,2,0
HD425T,3,0,0
HD4261T,2,1,0
HD4264A,2,1,0
HD4265A,2,1,0
HD4266A,2,0,1
HD4267A,1,2,0
HD4268A,2,1,0
HD426A,2,1,0
HD4270A,1,1,1
HD4271A,2,1,0
HD4273A,3,0,0
HD4275T,3,0,0
HD4278A,1,2,0
HD427A,3,0,0
HD4280A,2,1,0
HD4282A,0,1,2
HD4284A,0,2,2
HD4285A,0,1,2
HD4288A,3,0,0
HD4289T,2,1,0
HD428A,2,1,0
HD4292A,0,0,3
HD4293T,2,1,0
HD4294T,0,3,0
HD4295A,2,0,1
HD4296A,1,1,1
HD4299A,1,1,1
HD429A,1,1,1
HD4302A,1,0,2
HD4304A,0,0,3
HD4307A,1,2,0
HD4309A,3,1,0
HD4311A,3,1,0
HD4313A,0,3,0
HD4314A,2,1,0
HD4319A,2,0,1
HD431T,2,0,1
HD4320T,1,1,1
HD4321A,2,2,0
HD4322A,1,1,1
HD4324T,2,1,0
HD4325A,2,0,1
HD4329A,1,2,1
HD4331A,2,0,1
HD4332A,3,0,0
HD4333A,2,0,1
HD4335A,1,2,0
HD4337A,1,2,0
HD4338T,0,3,0
HD433T,2,1,0
HD4343A,3,0,0
HD4344A,3,0,0
HD4345A,1,1,1
HD4347A,0,2,1
HD4348A,2,1,0
HD434A,2,0,1
HD4352A,3,0,0
HD4355A,0,2,1
HD4357A,0,2,1
HD4358A,3,0,0
HD4359A,1,2,0
HD435A,2,1,0
HD4360T,1,1,1
HD4361A,1,2,0
HD4362A,1,2,0
HD4363A,1,1,1
HD4364A,2,1,0
HD4366A,1,1,1
HD4368A,3,0,0
HD4371A,1,1,1
HD4372T,2,1,0
HD4373A,1,2,0
HD4374T,1,2,0
HD4375A,0,3,0
HD4378A,1,2,1
HD4379A,0,2,1
HD437A,1,1,1
HD4380A,0,2,1
HD4384A,2,1,0
HD4386A,1,1,1
HD4387A,1,0,3
HD4388A,2,1,0
HD4392A,2,1,0
HD4393A,3,1,0
HD4394A,2,1,0
HD4395T,1,2,0
HD4398A,2,0,1
HD439A,1,2,0
HD43A,1,2,0
HD4402A,1,2,0
HD4403T,0,3,0
HD4404A,1,2,0
HD440A,0,3,0
HD4411A,1,1,1
HD4412A,2,1,0
HD4414A,1,2,0
HD4416A,3,0,0
HD4419T,2,1,0
HD441T,1,2,1
HD4420A,1,1,1
HD4421A,3,0,0
HD4422A,1,3,0
HD4424T,0,2,1
HD4429A,1,1,1
HD442A,2,1,0
HD4431T,3,1,0
HD4434T,2,1,0
HD4435A,0,3,1
HD4436A,2,1,0
HD443A,1,2,0
HD4440A,3,0,0
HD4441A,3,0,0
HD4445A,1,1,1
HD4450A,1,2,0
HD4452A,0,2,2
HD4453A,0,3,0
HD4456A,0,3,0
HD4458A,1,2,0
HD445A,3,0,0
HD4466T,2,1,0
HD4467A,2,0,1
HD4469A,0,2,1
HD446A,3,0,0
HD4470A,2,1,0
HD4471A,4,0,0
HD4472A,0,2,1
HD4474A,2,0,1
HD4480A,1,1,1
HD4481A,2,1,0
HD4483A,2,0,1
HD4487A,0,1,2
HD4488T,1,3,0
HD4489A,1,2,0
HD4492T,0,2,1
HD4498A,2,0,1
HD4499A,2,1,0
HD4500A,2,1,0
HD4505A,1,1,1
HD4509A,0,3,0
HD4510T,1,2,0
HD4511A,2,2,0
HD4515A,2,1,0
HD4516A,2,1,0
HD4517A,3,0,0
HD4520A,3,0,0
HD4521A,3,1,0
HD4525A,0,2,1
HD4527A,1,1,1
HD4528A,2,1,0
HD4529A,1,2,0
HD452A,3,0,0
HD4537A,2,1,0
HD453A,0,2,1
HD4540A,2,1,0
HD4541A,0,2,1
HD4544T,0,3,0
HD4548A,1,2,0
HD454A,1,0,2
HD4550T,1,1,1
HD4551A,0,3,0
HD4552A,1,2,0
HD4559A,1,2,0
HD4561A,2,1,0
HD4566A,3,0,0
HD4567A,2,1,0
HD456A,1,1,1
HD4570T,2,1,0
HD4571A,3,0,0
HD4575A,1,2,0
HD4576A,1,2,0
HD457A,2,0,1
HD4580A,1,2,0
HD4585A,2,1,1
HD4586A,0,2,1
HD4588A,3,0,0
HD4589A,2,1,0
HD458A,1,2,0
HD4592A,2,0,1
HD4597A,0,3,0
HD4598A,1,2,0
HD45A,1,1,1
HD4606A,2,1,0
HD4608T,0,3,0
HD4609A,3,1,0
HD460A,1,2,0
HD4610T,2,1,0
HD4612A,2,1,0
HD4616A,1,1,1
HD4617A,3,0,0
HD4618A,1,1,1
HD461A,0,3,0
HD4621A,1,2,0
HD4623T,1,1,1
HD4628A,2,1,0
HD4629A,1,0,2
HD462A,1,2,0
HD4630T,1,2,0
HD4632A,2,1,0
HD4633A,3,0,0
HD4639A,2,0,1
HD4642T,2,1,1
HD4645A,2,2,0
HD4646A,1,2,0
HD4648A,2,1,0
HD4649A,1,2,0
HD4650A,1,2,0
HD4654A,1,2,0
HD4656A,3,0,0
HD4657A,1,3,0
HD4658A,1,1,1
HD4659A,0,3,0
HD465A,2,0,1
HD4660A,2,2,0
HD4662A,3,0,0
HD4663T,1,2,0
HD4665A,1,2,0
HD4669A,1,2,0
HD4673A,2,1,0
HD4674A,2,1,0
HD4675A,1,1,1
HD467A,2,1,0
HD4683T,2,1,0
HD4685A,2,1,0
HD4686T,1,2,0
HD4690A,0,3,0
HD4691A,1,3,0
HD4695A,1,2,0
HD4698A,1,2,0
HD4699A,2,1,0
HD46A,2,0,1
HD4700A,2,1,0
HD4701T,2,1,0
HD4703A,1,1,1
HD4710A,1,2,0
HD4711A,1,2,0
HD4712A,1,2,0
HD4715A,2,1,0
HD4716A,2,1,0
HD471A,2,1,0
HD4721A,1,1,1
HD4724B,3,0,0
HD4729T,0,3,0
HD4731A,1,2,0
HD4735A,0,2,1
HD4737T,1,1,1
HD4739A,2,1,0
HD473A,2,1,0
HD4744T,3,1,0
HD4745A,3,0,0
HD4747A,0,3,0
HD4749A,1,2,0
HD474A,2,1,0
HD4750A,1,1,1
HD4751A,3,0,0
HD4753A,0,3,0
HD475A,2,1,0
HD4761A,3,0,0
HD4762A,0,3,0
HD4764A,0,3,1
HD4766A,2,1,0
HD4767T,1,2,0
HD476A,0,0,3
HD4770A,0,3,0
HD4772A,2,1,0
HD4775A,2,1,1
HD4778A,3,0,0
HD4779A,1,2,0
HD4780T,2,1,0
HD4781T,0,2,1
HD4783A,1,1,1
HD4784A,1,1,1
HD4786A,2,0,1
HD4789A,3,0,0
HD4790A,1,2,0
HD4793A,1,2,0
HD4794A,1,2,0
HD4797A,1,0,2
HD4798A,1,2,0
HD4799A,1,1,1
HD4800A,1,1,1
HD4806T,2,0,1
HD4808A,1,2,0
HD480A,2,1,0
HD4813A,1,2,0
HD4814A,1,1,1
HD4816A,2,1,0
HD4818A,2,1,0
HD481A,1,2,0
HD4820A,3,1,0
HD4826A,2,1,0
HD4827T,2,1,0
HD482T,0,3,0
HD4830A,1,2,0
HD4832A,1,2,0
HD4833A,3,0,0
HD4834A,2,0,1
HD4836T,2,0,2
HD483A,0,2,1
HD4841A,3,0,0
HD4845A,1,2,0
HD4846A,1,1,1
HD4847A,0,1,2
HD484A,2,1,0
HD4851A,1,1,1
HD4852A,0,2,1
HD4853A,0,2,1
HD4854T,1,1,1
HD4856A,1,2,0
HD4858A,2,0,1
HD4859A,3,0,0
HD4860T,2,1,0
HD4861T,3,0,0
HD4863A,1,2,0
HD4864A,1,2,0
HD4866A,1,2,0
HD4869A,2,1,0
HD4870A,3,0,0
HD4872A,0,2,1
HD4874A,2,1,0
HD4877A,1,1,1
HD4880T,1,2,0
HD4881A,2,1,0
HD4884A,1,2,0
HD4885A,2,1,0
HD4888A,1,2,0
HD4889T,1,2,0
HD488A,1,1,1
HD4890A,3,1,0
HD4893T,1,2,0
HD4894A,2,1,0
HD4895A,2,1,1
HD4896A,2,1,0
HD4897A,0,1,2
HD4899A,3,0,0
HD4901A,1,0,2
HD4902A,2,0,1
HD4904T,2,1,0
HD4905A,2,0,1
HD4908A,1,1,1
HD490A,1,0,2
HD4912A,0,1,2
HD4913A,2,1,0
HD4914A,2,2,0
HD4915T,2,1,0
HD4916A,1,2,0
HD4917A,2,1,0
HD4918T,3,0,0
HD4920A,3,0,0
HD4922T,2,1,0
HD4923A,1,2,0
HD4925A,0,2,1
HD492A,1,1,1
HD4932A,1,2,0
HD4934A,3,0,0
HD4936A,2,0,1
HD4938A,3,0,0
HD4939A,2,1,0
HD4940A,2,1,0
HD4941A,3,0,0
HD4943A,1,2,0
HD4945A,3,0,0
HD4946T,0,2,1
HD4949A,3,0,0
HD4952A,2,1,0
HD4953A,3,0,0
HD4955A,2,1,0
HD4957A,1,2,0
HD4958A,3,0,0
HD4959A,3,0,0
HD4960T,3,0,0
HD4961A,0,3,0
HD4962A,3,0,0
HD4963A,2,0,1
HD4965T,1,2,0
HD4966A,0,2,1
HD4967A,1,2,0
HD4968T,1,2,0
HD4969A,1,2,0
HD4970T,2,1,0
HD4972A,1,2,0
HD4974A,1,1,1
HD4977A,1,1,1
HD4979A,3,0,0
HD497A,2,1,0
HD4980A,2,1,0
HD4982T,2,0,1
HD4986A,2,0,1
HD4987T,1,2,0
HD4989A,3,0,0
HD4990T,3,0,0
HD4993A,3,0,0
HD4994T,2,1,0
HD4995A,2,1,0
HD4997A,1,1,1
HD4998A,1,2,0
HD499A,1,2,0
HD49A,2,0,1
HD5001A,1,2,0
HD5002A,0,2,1
HD5004A,3,0,0
HD5005A,3,0,0
HD5006A,2,1,0
HD5008A,1,2,0
HD5012A,3,0,0
HD5014T,2,2,0
HD504A,1,1,1
HD505T,1,0,2
HD509A,2,0,2
HD50A,3,0,0
HD510A,1,2,0
HD517T,1,2,0
HD522A,1,2,0
HD523A,1,2,0
HD524A,1,2,0
HD526A,1,2,0
HD527A,2,0,1
HD532A,2,1,0
HD534A,2,1,0
HD535A,2,1,0
HD538A,1,2,0
HD539A,2,1,0
HD53A,2,0,1
HD549A,2,1,0
HD550A,3,0,0
HD552A,1,2,0
HD554B,1,1,1
HD557A,3,0,0
HD55A,3,0,0
HD560T,1,2,0
HD561A,0,3,0
HD562T,0,3,0
HD563T,3,0,0
HD565A,1,1,1
HD566A,0,2,1
HD572A,1,1,1
HD573A,2,1,0
HD575A,3,0,0
HD576A,2,0,1
HD577A,1,1,1
HD578A,3,0,0
HD57A,2,1,0
HD583A,0,2,1
HD586A,1,2,0
HD587A,2,1,0
HD588A,2,2,0
HD58A,1,2,0
HD590A,2,1,0
HD591A,2,1,0
HD592A,1,1,1
HD593A,2,1,0
HD595A,1,0,2
HD597A,2,1,0
HD598A,1,2,0
HD599A,3,0,0
HD600A,0,1,2
HD602A,1,2,0
HD605A,1,0,2
HD606A,1,1,1
HD610A,0,2,1
HD611A,3,0,0
HD612A,1,2,0
HD613T,2,1,0
HD614A,1,2,0
HD615T,2,1,0
HD618A,1,2,0
HD619A,3,0,0
HD623A,1,2,0
HD624A,1,2,0
HD626A,3,0,0
HD627A,1,2,0
HD629A,1,2,0
HD630T,3,0,0
HD633T,2,1,0
HD634A,0,3,0
HD635A,2,1,0
HD636A,1,2,0
HD638A,2,1,0
HD640A,1,2,1
HD641A,2,1,0
HD642A,2,1,0
HD643A,1,1,1
HD646T,1,1,1
HD648A,2,1,0
HD649A,3,0,0
HD64A,0,3,0
HD650A,3,0,0
HD651A,1,2,0
HD652A,1,1,1
HD656A,1,3,0
HD657A,3,0,0
HD659A,1,1,1
HD65A,0,3,0
HD662A,2,1,0
HD663T,1,1,1
HD665A,1,1,1
HD666A,2,1,0
HD669A,3,0,0
HD673T,1,2,0
HD674A,1,0,2
HD675A,2,0,1
HD676A,1,1,1
HD677A,2,0,1
HD678A,0,1,2
HD679A,3,0,0
HD67A,2,1,0
HD680A,1,2,0
HD682A,2,1,0
HD683A,2,1,0
HD684T,1,2,0
HD685A,3,0,1
HD686A,1,0,2
HD687A,3,0,0
HD688A,3,0,0
HD68T,2,1,0
HD690A,2,0,1
HD693A,0,2,1
HD695A,1,1,1
HD696A,3,0,0
HD698A,2,1,0
HD69T,2,0,1
HD703A,0,2,1
HD704A,2,1,0
HD705A,3,0,0
HD707A,1,2,0
HD70A,2,1,0
HD710A,0,3,0
HD711A,3,0,0
HD713T,1,1,1
HD714A,3,0,0
HD716A,0,1,2
HD717A,2,1,0
HD71A,3,0,0
HD722A,1,2,0
HD723T,1,2,0
HD726A,2,1,0
HD727A,1,2,0
HD728A,3,0,0
HD729T,1,2,0
HD72A,1,1,1
HD732A,1,1,1
HD733T,2,1,0
HD735A,1,2,0
HD736A,1,2,0
HD737A,1,1,1
HD738A,2,0,1
HD739A,1,1,1
HD73T,1,2,0
HD740T,1,3,0
HD743A,2,1,0
HD745T,2,1,0
HD748T,1,1,1
HD74A,1,2,0
HD750A,3,0,0
HD751A,2,1,0
HD752A,2,1,0
HD753A,3,0,0
HD757A,3,0,0
HD758A,3,0,0
HD759A,1,2,0
HD75A,1,2,0
HD761A,3,0,0
HD763A,1,2,0
HD765A,0,3,0
HD770T,2,1,0
HD771A,1,0,2
HD772T,1,1,1
HD774T,2,0,1
HD776A,0,3,0
HD777A,3,0,0
HD778A,3,0,0
HD779A,2,0,1
HD780A,1,2,0
HD783A,1,3,0
HD784A,3,0,0
HD786A,3,0,0
HD787T,2,1,0
HD788A,0,2,1
HD78T,2,1,0
HD792T,2,0,1
HD794A,1,2,0
HD797A,2,0,1
HD798T,0,3,0
HD799T,3,0,0
HD79A,1,1,1
HD7A,0,1,2
HD801A,2,1,0
HD802T,4,0,0
HD806T,0,3,0
HD807A,3,0,0
HD810A,3,0,0
HD811A,1,2,0
HD812A,1,1,2
HD813A,1,1,1
HD815A,2,1,0
HD816A,1,2,0
HD817A,2,0,1
HD819A,3,0,0
HD81A,2,1,0
HD821T,2,2,0
HD822A,2,1,1
HD823T,2,1,0
HD824A,3,0,0
HD827T,3,0,0
HD828A,1,2,0
HD829A,2,0,1
HD830A,1,2,1
HD831A,1,2,0
HD832B,3,0,0
HD834T,3,0,0
HD835A,0,2,1
HD837A,2,0,1
HD83A,2,1,0
HD841A,3,0,0
HD844A,2,0,1
HD846A,0,2,1
HD847T,0,2,1
HD848A,2,0,1
HD849T,1,1,1
HD851A,3,0,0
HD853A,1,2,0
HD856A,2,2,0
HD859A,3,0,0
HD861A,2,0,1
HD864A,2,1,0
HD865A,3,0,0
HD867A,1,1,1
HD868A,1,2,0
HD871A,2,1,0
HD872A,2,0,1
HD873A,3,0,0
HD874A,3,0,0
HD875A,1,2,0
HD877A,2,1,0
HD87A,1,1,1
HD881A,3,0,0
HD882A,2,1,0
HD884A,1,1,1
HD885A,1,1,1
HD887A,1,2,0
HD888T,1,2,0
HD889A,2,0,1
HD88A,3,0,0
HD891A,3,0,0
HD892A,3,0,0
HD893A,3,0,0
HD895A,1,2,0
HD899A,0,2,1
HD902T,1,1,1
HD904A,0,3,0
HD908A,1,2,0
HD910A,3,0,0
HD911A,3,0,0
HD912A,2,0,1
HD913A,0,3,0
HD914A,3,0,0
HD915A,2,1,0
HD916A,1,1,1
HD917A,3,1,0
HD919A,0,2,1
HD91T,2,1,0
HD926A,4,0,0
HD927A,2,1,0
HD929A,3,0,0
HD930A,3,0,0
HD933A,1,1,1
HD934A,1,2,0
HD935A,2,0,1
HD936T,1,1,1
HD937A,1,2,0
HD938A,3,0,0
HD942T,0,2,1
HD945A,0,2,1
HD948T,1,1,1
HD949T,1,2,0
HD951A,3,0,0
HD956A,3,0,0
HD959A,0,2,1
HD95A,3,0,0
HD962T,2,1,0
HD963T,3,0,0
HD964A,2,0,1
HD965T,1,2,0
HD967A,1,2,0
HD96A,2,0,1
HD970A,2,1,0
HD974A,3,0,0
HD976A,1,1,1
HD977A,2,1,0
HD980A,2,1,0
HD981A,1,1,1
HD984A,0,2,1
HD986A,1,2,0
HD989A,1,1,1
HD990A,1,2,1
HD992A,2,1,0
HD996T,1,1,1
HD997T,0,1,2
HD998A,2,1,0
HD999A,0,1,2
HD99T,1,1,1
HF1260T,2,1,0
HF1271A,2,1,0
HF2135A,1,1,1
HF238A,0,2,1
HF2573T,2,0,1
HF2981T,2,0,1
HF3486T,1,2,0
HF3491A,2,0,1
HF3841A,2,2,0
HF4237A,3,0,0
HF4596A,1,2,0
HG1383A,3,0,0
HG1559A,1,2,0
HG1646A,1,2,0
HG1702A,2,0,1
HG1802A,2,1,0
HG185A,3,0,0
HG192A,3,0,0
HG2037A,0,3,0
HG2088A,1,2,1
HG209T,0,2,1
HG2354A,1,2,0
HG2450T,2,1,0
HG2526A,0,3,0
HG2676T,0,2,1
HG2757A,2,1,0
HG2823A,3,0,0
HG284T,0,2,1
HG288T,2,1,0
HG3048T,1,2,0
HG3123A,1,1,2
HG3180A,2,2,0
HG3222T,1,1,1
HG3323T,3,0,0
HG3382A,0,2,1
HG341A,0,3,0
HG3424T,1,1,1
HG3459T,1,1,1
HG3507A,2,1,0
HG3855A,0,2,2
HG3977A,0,3,0
HG4087A,2,1,0
HG409A,2,1,0
HG4161T,3,0,0
HG4207A,0,3,0
HG4251T,0,2,1
HG4279A,1,2,0
HG4382A,3,0,0
HG4593A,1,1,1
HG4603T,1,1,1
HG4677A,1,2,0
HG4803T,1,1,1
HG4831A,0,1,2
HG628A,1,2,0
HG767A,3,0,0
HG886T,1,2,0
HG89A,0,3,0
HH1103A,3,0,0
HH196A,2,1,0
HH2324A,3,0,0
HH3042A,3,1,0
HH4018A,3,0,0
HH795A,2,1,0
HIS1055T,1,1,1
HIS1871T,3,0,0
HIS301T,1,1,2
HIS3173T,3,0,0
HIS3511T,0,3,0
HIS4353T,3,1,0
HIS4501T,1,1,1
HIS501T,2,1,0
HN1020A,2,1,0
HN1035A,1,2,0
HN103A,2,2,0
HN1048A,3,0,0
HN1111A,3,0,0
HN1160A,2,1,0
HN1197A,3,0,0
HN1216A,1,2,0
HN1238T,2,2,0
HN1286A,3,0,0
HN1345A,3,0,0
HN1377A,2,1,0
HN1429A,1,2,0
HN1524A,1,2,0
HN1574T,3,0,0
HN179A,3,0,0
HN1903A,1,1,1
HN1906A,2,1,0
HN191A,2,1,0
HN1930A,2,1,0
HN1941T,0,3,0
HN198A,2,1,0
HN1993A,1,1,1
HN2023A,2,1,0
HN2028T,1,1,1
HN2048A,0,3,0
HN2052A,1,1,1
HN2071A,0,1,2
HN2155A,1,2,0
HN2179A,1,1,1
HN2213A,2,1,0
HN2220A,0,3,0
HN2296A,3,0,0
HN2334A,1,2,0
HN2417A,1,2,0
HN2431A,0,2,1
HN2451T,0,3,0
HN2459A,2,1,0
HN2482A,1,2,0
HN2514A,2,1,0
HN2522A,2,1,0
HN2530A,0,1,2
HN2548B,0,2,1
HN2550A,1,1,1
HN257A,2,1,0
HN2594A,2,1,1
HN2595A,2,1,0
HN259T,2,0,1
HN2629A,3,0,0
HN2729A,1,2,0
HN2745A,3,0,0
HN2746T,1,2,0
HN2755A,1,2,1
HN2758A,1,1,1
HN2797A,2,1,0
HN2819A,0,3,0
HN2862T,1,1,1
HN2941A,1,2,0
HN2964A,2,1,0
HN304A,1,2,0
HN3065A,3,0,0
HN3092A,3,0,0
HN3154A,2,1,0
HN316A,1,1,1
HN3205A,1,1,1
HN3244A,0,2,1
HN3249A,1,2,0
HN3257A,3,0,0
HN32T,1,2,0
HN3340A,0,2,1
HN3349A,2,1,0
HN3429A,3,0,0
HN3494T,3,0,0
HN3509A,3,0,0
HN3526A,0,3,0
HN3638T,3,0,0
HN3705A,1,2,0
HN3706A,2,1,0
HN3709A,1,1,1
HN3745A,3,0,0
HN3762A,2,1,0
HN3799A,0,3,0
HN3801A,2,1,0
HN3847A,2,1,0
HN3865A,2,1,0
HN3890T,3,0,0
HN3923A,0,1,2
HN4042A,2,1,0
HN4054A,1,2,0
HN407A,2,0,1
HN416A,2,0,1
HN4177A,3,0,0
HN4178A,2,1,0
HN4276A,3,1,0
HN432A,2,1,0
HN4354A,3,0,0
HN4370A,3,0,0
HN438T,1,2,0
HN4408A,3,0,0
HN444A,3,0,0
HN4464T,3,0,0
HN4477A,3,0,0
HN4485A,2,0,1
HN4497A,0,2,1
HN4543A,2,1,0
HN4573A,3,0,0
HN4634A,2,0,1
HN4696A,1,2,0
HN472A,3,0,0
HN4743A,2,2,0
HN4777A,1,1,1
HN4785T,3,0,0
HN4819A,3,0,0
HN4842A,3,0,0
HN4900A,3,0,0
HN4928A,2,0,1
HN503A,3,0,0
HN518T,2,1,0
HN543A,1,2,0
HN585A,1,2,0
HN589A,1,2,0
HN653A,2,1,0
HN700B,1,2,0
HN719A,4,0,0
HN756T,2,2,0
HN775A,2,1,0
HN818A,4,0,0
HN866A,3,0,0
HO1166T,3,0,0
HO2003A,2,1,0
HO2082A,0,2,1
HO2336A,3,0,0
HO23A,0,1,2
HO2433A,0,3,0
HO273A,3,0,0
HO2766A,3,1,0
HO2842T,3,0,0
HO2843T,2,1,0
HO2876A,3,0,0
HO3513A,2,0,2
HO3652A,0,2,1
HO3926A,3,0,0
HO3932T,1,1,1
HO4050A,1,2,0
HO4539A,2,0,1
HO4765A,0,3,0
HO4892A,2,1,0
HO582A,3,0,0
HP1287T,1,1,1
HP1508T,1,1,1
HP2040T,1,1,1
HP236T,2,1,0
HP405T,1,2,0
HP850T,0,3,0
HS1021A,2,1,1
HS1054A,1,2,0
HS1063A,1,1,1
HS1088A,2,0,1
HS1090A,1,1,1
HS1149A,1,2,0
HS1175A,2,0,1
HS1200A,1,2,1
HS120A,3,0,0
HS1218A,2,1,0
HS1234A,2,1,0
HS1250A,3,0,0
HS1257A,3,0,0
HS1272A,1,2,0
HS1289A,2,1,0
HS1290A,1,1,1
HS1316A,2,1,0
HS1317A,0,1,2
HS1330A,0,2,1
HS135A,1,1,1
HS1376A,3,0,0
HS1389A,3,0,0
HS1401A,1,1,1
HS144A,3,0,0
HS1464A,2,1,0
HS147A,3,0,0
HS1506A,3,0,0
HS1512A,1,1,1
HS1530A,3,0,0
HS1555A,1,0,2
HS1566A,1,1,1
HS1575A,2,1,0
HS1594A,3,0,0
HS1596A,3,0,0
HS159A,0,3,0
HS1624A,2,1,0
HS1649A,2,0,1
HS1664A,2,1,0
HS1683A,1,2,0
HS1699A,2,1,0
HS16A,2,1,0
HS1715A,0,2,1
HS1717A,2,1,0
HS172A,1,2,0
HS1730A,2,1,0
HS1732A,0,3,0
HS1753A,2,1,0
HS1756A,1,1,1
HS1766A,0,3,0
HS1774A,3,0,0
HS1780A,2,1,0
HS1790A,3,0,0
HS1825A,2,1,0
HS1829A,2,1,0
HS1879A,0,3,0
HS1891A,3,0,0
HS1913A,1,0,2
HS1973A,1,1,1
HS1983A,1,1,1
HS1995A,0,2,1
HS2013A,0,3,0
HS2047A,3,0,0
HS2054A,3,0,0
HS2059T,1,2,0
HS2120A,3,0,0
HS2183A,2,1,0
HS2185A,0,2,1
HS218A,3,0,0
HS2193A,0,2,1
HS2224A,1,2,0
HS2228A,1,2,0
HS2239A,2,1,0
HS2280A,1,2,0
HS2302A,2,1,0
HS2321A,2,2,0
HS2335A,2,1,0
HS2355A,3,1,0
HS2359A,2,1,0
HS2371A,2,1,0
HS2390A,2,0,1
HS2407A,0,2,1
HS2412A,1,2,0
HS2425A,2,1,0
HS2445A,2,1,0
HS245A,1,2,0
HS2480A,1,1,1
HS2499A,1,1,1
HS251A,1,2,1
HS2539A,2,1,0
HS2604A,3,0,0
HS2612A,3,0,0
HS2620A,2,0,1
HS2621A,0,3,0
HS2657A,2,1,0
HS265A,1,3,0
HS2675A,2,1,0
HS2694A,3,0,0
HS2715A,3,0,0
HS2727A,0,3,0
HS2730A,3,0,0
HS2749A,3,0,0
HS2750A,3,0,0
HS2759A,2,1,0
HS2781A,2,1,0
HS2793A,1,2,0
HS2820A,1,2,0
HS2846A,2,1,0
HS2854A,1,2,0
HS290A,1,2,0
HS2929A,1,2,0
HS2950A,0,3,0
HS2973A,1,2,0
HS2988A,3,0,0
HS2999A,3,0,0
HS3038A,3,0,0
HS3067A,1,2,0
HS3069A,1,2,1
HS3090A,3,0,0
HS3111A,3,0,0
HS3117A,0,3,0
HS3136A,3,0,0
HS3189A,0,3,0
HS3200A,2,0,1
HS3206A,2,1,0
HS3214A,3,0,0
HS322A,2,1,0
HS3285A,2,1,0
HS3302A,1,2,0
HS3307A,0,2,1
HS3308T,2,1,0
HS3352A,2,1,0
HS3380A,2,0,1
HS3391A,1,1,1
HS3393A,1,1,1
HS3411A,1,0,2
HS3432A,1,2,0
HS3464A,2,1,0
HS3467A,3,0,0
HS3485A,1,2,0
HS3487A,1,0,2
HS3492A,2,1,0
HS3495A,3,0,0
HS34A,0,3,0
HS3505A,1,2,0
HS3525A,3,0,0
HS3548A,1,2,0
HS3549A,1,2,0
HS354A,0,2,1
HS3570A,0,2,1
HS3639A,2,1,0
HS3657A,2,1,0
HS366A,0,2,1
HS3670A,1,2,0
HS3681A,2,0,1
HS3842A,3,0,0
HS3864A,2,1,0
HS3886A,1,2,0
HS3904A,3,0,0
HS3914A,1,1,1
HS3927A,3,0,0
HS3960A,1,1,1
HS3982A,3,0,0
HS3992A,1,2,0
HS4001A,2,0,1
HS4003A,3,0,0
HS4086A,3,0,0
HS4117A,0,2,1
HS4131A,2,0,1
HS4142A,3,0,0
HS4146A,1,2,0
HS4151A,2,1,0
HS4170A,2,1,0
HS4190A,1,1,1
HS4192A,3,0,0
HS4204A,0,3,0
HS4214A,0,3,1
HS4226A,1,2,0
HS4233A,1,2,0
HS4243A,1,0,2
HS4249A,3,0,0
HS4263A,1,1,1
HS4286A,3,0,0
HS4300A,3,0,0
HS430A,0,1,2
HS4310A,2,1,0
HS4330A,0,3,0
HS4342A,2,0,1
HS4349A,1,2,0
HS4494A,2,0,1
HS449A,0,3,0
HS4514A,1,2,0
HS4556A,3,0,0
HS4558A,1,1,1
HS4568A,2,1,0
HS4590A,0,1,2
HS4601A,0,3,0
HS4611A,2,1,0
HS4619A,3,0,0
HS4664A,1,2,1
HS4672A,1,2,0
HS4684T,0,3,0
HS4720A,2,1,0
HS4725A,0,1,2
HS4730A,2,0,1
HS4758A,1,2,0
HS4759A,1,1,1
HS4862A,1,1,1
HS486A,2,1,0
HS487A,2,1,0
HS4921A,1,2,1
HS4927A,1,2,0
HS4933A,0,2,1
HS5007A,3,0,0
HS51A,1,1,1
HS521A,1,2,0
HS537A,3,0,0
HS548A,3,0,0
HS54A,1,2,0
HS564A,3,0,0
HS584A,3,1,0
HS608A,1,2,0
HS631A,2,0,1
HS647A,1,2,0
HS66A,1,2,0
HS689A,1,2,0
HS718A,1,1,1
HS769A,3,0,0
HS838A,0,3,0
HS858A,2,1,0
HS883A,1,2,0
HS898A,2,1,0
HS906A,1,1,1
HS920A,2,0,1
HS92A,3,0,0
HS939A,2,1,0
HS954A,1,1,1
HS968A,1,2,0
HVP1025T,0,3,0
HVP1110T,2,1,0
HVP1309T,3,0,0
HVP1346T,1,2,0
HVP1359T,0,2,1
HVP1370T,2,1,0
HVP1379T,1,2,0
HVP1462T,3,1,0
HVP1502T,2,0,1
HVP1576T,3,0,0
HVP1591T,1,1,1
HVP1606T,1,2,0
HVP1621T,0,3,0
HVP1687T,1,2,0
HVP1692T,1,2,0
HVP1697T,3,0,0
HVP1698T,2,1,0
HVP1778T,3,0,0
HVP1856T,2,1,0
HVP1949T,0,3,0
HVP1962T,1,1,1
HVP1990T,2,1,0
HVP1996T,4,0,0
HVP2064T,2,1,0
HVP2070T,3,0,0
HVP2085T,2,0,1
HVP2092T,0,2,1
HVP2109T,2,1,0
HVP2158T,3,0,0
HVP2167T,3,0,0
HVP226T,3,0,0
HVP2317T,1,1,1
HVP2349T,3,0,0
HVP2358T,3,0,0
HVP2365T,3,0,0
HVP2462T,2,1,0
HVP2635T,2,0,1
HVP2670T,3,0,0
HVP2722T,3,0,0
HVP279T,2,1,0
HVP2811T,2,0,1
HVP2837T,0,2,1
HVP3001T,2,1,0
HVP3094T,3,0,0
HVP3105T,3,0,0
HVP3274T,3,0,0
HVP3278T,0,3,0
HVP333T,2,1,0
HVP3344T,3,0,0
HVP3396T,4,0,0
HVP348T,2,1,0
HVP3510T,2,1,0
HVP3572T,1,1,1
HVP3693T,1,2,0
HVP3756T,3,0,0
HVP3775T,2,0,1
HVP3830T,0,2,1
HVP389T,4,0,0
HVP3902T,3,0,0
HVP3935T,3,0,0
HVP3939T,3,0,0
HVP3945T,2,1,0
HVP3966T,2,1,0
HVP3973T,3,0,0
HVP4036T,0,2,1
HVP4062T,3,0,0
HVP4096T,2,1,0
HVP4132T,1,2,0
HVP4152T,0,1,2
HVP4175T,3,0,0
HVP418T,3,0,0
HVP4326T,3,0,0
HVP4336T,0,1,2
HVP4438T,1,1,1
HVP4444T,3,0,0
HVP4448T,2,1,0
HVP4451T,1,1,1
HVP4476T,0,2,1
HVP4486T,0,3,0
HVP4554T,2,1,1
HVP4678T,1,2,0
HVP4688T,3,0,0
HVP4694T,2,1,0
HVP4748T,3,0,0
HVP4788T,1,2,0
HVP4815T,3,0,0
HVP4837T,1,2,0
HVP4947T,3,0,0
HVP4948T,3,0,0
HVP498T,3,0,0
HVP4996T,3,0,0
HVP4999T,2,1,0
HVP5003T,3,1,0
HVP500T,1,2,1
HVP556T,2,1,0
HVP607T,3,0,0
HVP625T,2,1,0
HVP658T,3,0,0
HVP721T,1,2,0
HVP854T,2,1,0
HVP857T,2,1,0
HVP890T,3,0,0
HVP922T,0,3,0
HVP924T,1,1,1
HVP97T,0,3,0
HVP991T,3,0,0
HW1369A,3,0,0
HW1427T,1,1,1
HW1547A,0,2,1
HW1725A,3,0,0
HW2463A,1,1,1
HW2932A,3,0,0
HW3378T,1,1,1
HW3408A,2,1,0
HW3538A,1,2,0
HW394T,2,1,0
HW3959T,3,0,0
HW4193T,1,2,0
HW4383T,3,1,0
HW4774T,1,1,1
HW760A,2,0,1
HX215A,2,1,0
HX4077A,0,3,1
HX4301A,4,0,0
HX4802A,2,1,0
HX724A,3,0,0
HX734A,0,3,0
HY1062A,3,0,0
HY1772T,3,1,0
HY2081T,2,1,0
HY2615T,1,1,1
HY3101T,2,1,0
HY3604T,1,2,0
HY36A,3,0,0
HY37T,4,0,0
HY3943B,0,1,2
HY4081T,1,2,0
HY4644A,3,0,0
HY855T,1,2,0
HY969A,2,0,1
HZ1158T,0,2,1
HZ1217T,0,2,1
HZ138A,3,0,0
HZ140A,2,1,0
HZ1745T,2,1,0
HZ1758T,2,1,0
HZ21T,1,1,1
HZ2370T,0,2,1
HZ2756T,1,1,1
HZ2773B,1,2,0
HZ2801T,1,2,1
HZ4462B,1,2,0
HZ4760T,1,1,2
IC1082A,2,0,1
IC152A,3,0,0
IC1587A,3,0,0
IC1876A,3,0,0
IC1987A,2,0,1
IC2076A,3,0,0
IC2299A,3,0,0
IC2658A,3,0,0
IC31A,3,0,0
IC3361A,3,0,0
IC3497A,2,0,1
IC3501A,3,0,0
IC3612A,1,2,0
IC3748A,4,0,0
IC395A,3,0,0
IC3991A,3,0,0
IC4439A,3,0,0
IC4518A,2,1,0
IC4624A,3,0,0
IC59A,4,0,0
IC667A,3,0,0
IC731A,2,0,1
IC979A,3,0,0
IK1892A,3,1,0
IK2278A,3,0,0
IK3051A,3,0,0
IK3430A,3,0,0
IK3686A,3,0,0
IK544A,3,0,0
SC1009A,3,0,0
SC1045A,4,0,0
SC104A,3,0,0
SC1094A,3,0,0
SC109A,3,0,0
SC1100A,2,1,0
SC1104A,3,0,0
SC1125A,2,1,0
SC114A,2,0,1
SC1171A,3,0,0
SC127A,3,0,0
SC1284A,3,0,0
SC1362A,3,0,0
SC13A,0,3,0
SC1487A,1,2,0
SC1493A,2,0,1
SC1549A,3,0,0
SC1659A,3,0,0
SC1676A,3,0,0
SC177A,3,0,0
SC1863A,3,0,0
SC1877A,2,0,1
SC1889A,2,1,0
SC18A,3,0,0
SC1902A,3,0,0
SC1968A,3,0,0
SC2129A,2,1,0
SC2149A,3,0,0
SC2177A,0,3,0
SC2206A,3,0,0
SC227A,2,1,0
SC228A,3,0,0
SC2435A,3,0,0
SC2563A,2,1,0
SC2590A,3,0,0
SC2738A,0,2,1
SC2839A,0,2,1
SC2873A,3,0,0
SC2976A,0,1,2
SC3149A,3,0,0
SC3152A,1,2,0
SC3232A,4,0,0
SC331A,3,0,0
SC3360A,2,1,0
SC3409A,3,0,0
SC3426A,0,1,2
SC3445A,3,0,0
SC3470A,2,0,1
SC3553A,2,0,1
SC3627A,3,0,0
SC3729A,1,2,0
SC3739A,1,2,1
SC3754A,3,0,0
SC3870A,2,1,0
SC3995A,3,0,0
SC4039A,2,0,1
SC4055A,2,1,0
SC4116A,3,0,0
SC414A,3,0,0
SC4290A,2,1,0
SC4407A,1,2,1
SC4463A,1,1,1
SC4577A,3,0,0
SC4614A,3,0,0
SC4680A,2,1,0
SC468A,3,0,0
SC4754A,2,1,0
SC4944A,3,0,0
SC4954A,2,1,0
SC512A,3,0,0
SC515A,2,2,0
SC519A,3,0,0
SC594A,3,0,0
SC701A,3,0,0
SC80A,3,0,0
SC943A,2,1,0
SD1435A,3,0,0
SD2207A,3,0,0
SD2500A,3,0,0
SD291A,3,0,0
SD3019A,3,0,1
SD3875A,2,0,1
SG1057A,1,2,0
SG1219A,1,1,1
SG1352A,0,1,2
SG1514A,1,1,1
SG1670A,0,3,0
SG186A,4,0,0
SG2042A,1,2,0
SG2115A,1,1,1
SG2176A,2,1,0
SG2457T,2,2,0
SG2466A,2,1,0
SG2494A,1,1,1
SG2513A,1,1,1
SG253A,3,0,0
SG2774A,1,2,0
SG2779A,0,1,2
SG2855A,0,3,0
SG2940A,1,1,1
SG3197A,0,2,1
SG3297A,1,2,0
SG3338A,3,0,0
SG3354A,3,0,0
SG352A,1,1,1
SG3917A,0,1,2
SG3947A,1,1,1
SG4023A,2,2,0
SG4400A,3,0,0
SG4410A,1,2,0
SG4804A,1,2,0
SG4865A,0,1,2
SG4931T,0,3,0
SG546A,2,1,0
SG931A,1,1,1
SG994A,2,1,0
SK1059A,2,2,0
SK1144A,3,0,0
SK1208A,2,1,0
SK1311T,2,1,0
SK1407A,3,0,0
SK1437A,3,0,0
SK1491A,3,0,0
SK1534A,3,0,0
SK1541A,2,0,1
SK1567A,1,2,0
SK1740A,3,0,0
SK176A,0,3,0
SK17A,1,1,1
SK1843A,3,0,0
SK1873A,3,0,0
SK1904A,2,1,0
SK1908T,0,2,1
SK2002A,3,0,0
SK2079A,3,0,0
SK2099A,3,0,0
SK2141A,3,0,0
SK2142A,1,2,0
SK2168A,3,0,0
SK2215A,3,0,0
SK2326A,3,0,0
SK2377A,4,0,0
SK2403A,3,0,0
SK2458A,3,0,0
SK2460A,3,0,0
SK2467A,3,0,0
SK2484A,0,3,0
SK2533A,3,0,0
SK2560A,3,0,0
SK2566A,1,0,2
SK2584A,3,0,0
SK2588A,1,1,1
SK2609A,0,2,1
SK2610A,3,0,0
SK2614A,2,1,0
SK2682A,3,0,0
SK2752A,2,1,0
SK2782A,3,0,0
SK2810A,3,0,0
SK2838A,0,2,1
SK2849A,1,1,1
SK2897T,2,1,0
SK2965A,3,0,0
SK3020A,1,2,0
SK3077A,0,1,2
SK3085A,3,0,0
SK3124A,3,0,0
SK3160A,2,1,0
SK319A,1,0,2
SK3217A,0,2,1
SK3239A,3,0,0
SK3247A,2,1,0
SK3260A,3,0,0
SK3332A,3,0,0
SK3374A,3,0,0
SK3399A,1,2,0
SK3428A,3,0,0
SK3472A,1,1,1
SK3476T,2,0,1
SK3478A,2,1,0
SK3479A,3,0,0
SK3576A,2,1,0
SK3585A,3,0,0
SK35A,2,1,0
SK3611A,2,1,0
SK3635A,3,0,0
SK3656A,3,0,0
SK3711A,2,1,0
SK3787A,3,0,0
SK3798T,1,2,0
SK3807A,2,0,1
SK3952A,4,0,0
SK4022A,3,0,0
SK403A,4,0,0
SK408A,3,0,0
SK4127A,0,3,0
SK4129A,3,0,0
SK4186A,1,1,1
SK4187A,2,1,0
SK4213A,0,3,0
SK4298A,3,0,0
SK4306A,0,1,2
SK4369A,3,0,0
SK4418T,1,2,0
SK4426A,3,0,0
SK4465A,2,1,0
SK447A,3,0,0
SK4493A,3,0,0
SK44A,3,0,0
SK4536A,3,0,0
SK4538A,1,2,0
SK4555A,3,0,0
SK4626A,4,0,0
SK4631A,3,0,0
SK4661A,4,0,0
SK4704A,2,1,0
SK4746A,3,0,0
SK478A,3,0,0
SK4795A,3,0,0
SK479A,3,0,0
SK4825A,1,2,0
SK4844A,3,0,0
SK4848A,3,0,0
SK4855A,3,0,0
SK4878A,3,0,0
SK4906A,2,0,1
SK4919A,1,2,0
SK4956A,2,0,1
SK4973A,3,0,0
SK5000A,3,0,0
SK502A,2,1,0
SK542A,3,0,0
SK568A,0,2,1
SK56A,3,0,0
SK571A,3,0,0
SK672A,1,2,0
SK706A,3,0,0
SK744A,3,0,0
SK77A,1,2,0
SM1006A,3,0,0
SM1140A,2,1,0
SM1242A,1,1,1
SM1283A,1,0,2
SM1321A,3,0,0
SM1660A,1,1,1
SM1661A,1,0,2
SM1897A,2,2,0
SM1918A,1,2,1
SM1960A,3,0,0
SM2027A,3,0,0
SM2091A,1,2,0
SM2144A,3,0,0
SM2327A,2,1,0
SM2367A,3,0,0
SM2502A,3,0,0
SM2602A,2,0,1
SM264A,4,0,0
SM2655A,2,1,0
SM2946A,3,0,0
SM3029A,2,1,0
SM3252A,1,2,0
SM3613A,3,0,0
SM3721A,4,0,0
SM3941A,3,0,0
SM4014A,2,1,0
SM4350A,3,0,0
SM4430A,0,3,0
SM4496A,3,0,0
SM4530A,3,0,0
SM4613A,3,0,0
SM4687A,4,0,0
SM4763A,3,0,0
SM491A,3,0,0
SM4981A,2,1,0
SM520A,0,2,1
SM579A,3,0,0
SM671A,3,0,0
SM862A,4,0,0
SM985A,4,0,0
ST1010A,3,0,0
ST1130A,0,3,0
ST1136A,3,0,0
ST1297A,3,0,0
ST131A,3,0,0
ST1402A,3,0,0
ST1473A,0,2,1
ST1540A,1,1,1
ST158A,3,0,0
ST1593A,3,0,0
ST1760A,3,0,0
ST1820A,1,1,1
ST1934A,0,3,0
ST1986A,1,2,0
ST2021A,3,0,0
ST2062A,1,2,0
ST220A,3,0,0
ST255A,1,2,0
ST2603A,3,0,0
ST2808A,1,1,1
ST2828A,1,2,1
ST2883A,2,1,0
ST2922A,1,0,2
ST3254A,1,2,0
ST3405A,3,0,0
ST3434A,3,0,0
ST3587A,0,1,2
ST4056A,3,0,0
ST4100A,3,0,0
ST4244A,1,2,0
ST4323A,2,1,0
ST4399A,3,0,0
ST4417A,0,3,0
ST4547A,1,1,1
ST4549A,3,0,0
ST4641A,3,0,0
ST4755A,2,1,0
ST4871A,1,0,2
ST4891A,3,0,0
ST4909A,3,0,0
ST4971A,2,0,1
ST4992A,3,0,0
ST530A,3,0,0
ST60A,3,0,0
ST809A,0,3,0
ST925A,3,0,0
ST928A,1,2,0
ST960A,3,0,0
